INSERT INTO auth.users (instance_id,id,aud,role,email,encrypted_password,email_confirmed_at,invited_at,confirmation_token,confirmation_sent_at,recovery_token,recovery_sent_at,email_change_token_new,email_change,email_change_sent_at,last_sign_in_at,raw_app_meta_data,raw_user_meta_data,is_super_admin,created_at,updated_at,phone,phone_confirmed_at,phone_change,phone_change_token,phone_change_sent_at,email_change_token_current,email_change_confirm_status,banned_until,reauthentication_token,reauthentication_sent_at,is_sso_user,deleted_at,is_anonymous) VALUES ('00000000-0000-0000-0000-000000000000', '0f5d546a-dd80-5406-a005-a4f3061b9fb4', 'authenticated', 'authenticated', 'bernice.feeney45135@email.com', '$2b$10$0Ns5shFkiB1bHr7njIOkiOB3HLH3HyKoxJT3jWbcSlzkZK.9ZuRIW', '2026-03-24T10:48:40.078Z', NULL, 'Videant qui et restatem eas causa epicipsa.', NULL, 'Graecistius ab esse verum libervi, periis sit vire vitamicar voluptatem atione fortibus eo.', NULL, 'Concere ego nihil intellegan intera.', '', NULL, NULL, '{"provider":"email","providers":["email"]}', '{"email_verified":true,"username":"Bernice-Feeney45135"}', NULL, '2026-03-24T10:48:40.078Z', '2026-03-24T10:48:40.078Z', NULL, NULL, '', '', NULL, DEFAULT, 0, NULL, DEFAULT, NULL, 'f', NULL, 'f'), ('00000000-0000-0000-0000-000000000000', '5fef9e7c-116a-5504-a6ae-d16f4442d448', 'authenticated', 'authenticated', 'kenya.johnson87734@email.com', '$2b$10$0Ns5shFkiB1bHr7njIOkiOB3HLH3HyKoxJT3jWbcSlzkZK.9ZuRIW', '2026-03-24T10:48:40.079Z', NULL, 'Epicium confirmissum inem andae dolordinem nec util.', NULL, 'Rerum dum orum amiciti quam, insequimur aut maximus dis ad illus.', NULL, 'Se eius et continere sedatum et, vituptas iudicarte necest in omnesque saepe spatio.', '', NULL, NULL, '{"provider":"email","providers":["email"]}', '{"email_verified":true,"username":"good.chive87734"}', NULL, '2026-03-24T10:48:40.079Z', '2026-03-24T10:48:40.079Z', NULL, NULL, '', '', NULL, DEFAULT, 0, NULL, DEFAULT, NULL, 'f', NULL, 'f'), ('00000000-0000-0000-0000-000000000000', '5ac46069-d153-5b50-a0be-8a017d379243', 'authenticated', 'authenticated', 'dorothy.crooks93088@email.com', '$2b$10$0Ns5shFkiB1bHr7njIOkiOB3HLH3HyKoxJT3jWbcSlzkZK.9ZuRIW', '2026-03-24T10:48:40.079Z', NULL, 'Es susciplinam beate cum omnes, orest detere assuevergo enim ferre inbecilit peritia ipsas.', NULL, 'A isset philos via consequam.', NULL, 'Anim praesenimos tamquam cum habensa virtus, corpore qui ambigua quid se quieti consilio voluptatib.', '', NULL, NULL, '{"provider":"email","providers":["email"]}', '{"email_verified":true,"username":"Dorothy-Crooks93088"}', NULL, '2026-03-24T10:48:40.079Z', '2026-03-24T10:48:40.079Z', NULL, NULL, '', '', NULL, DEFAULT, 0, NULL, DEFAULT, NULL, 'f', NULL, 'f'), ('00000000-0000-0000-0000-000000000000', '5f2c632c-1003-5d3e-94f5-6085899aa359', 'authenticated', 'authenticated', 'rupert.ondricka43874@email.com', '$2b$10$0Ns5shFkiB1bHr7njIOkiOB3HLH3HyKoxJT3jWbcSlzkZK.9ZuRIW', '2026-03-24T10:48:40.080Z', NULL, 'Quasi vacilitis utam ad dolordam sunt epicium quid, modo ad pore e dissenseruer in.', NULL, 'Maximpedit et segniorem stabil brute maloritum endum quos.', NULL, 'Et non quod nec bonum epicaris magisse cur.', '', NULL, NULL, '{"provider":"email","providers":["email"]}', '{"email_verified":true,"username":"Rupert.Ondricka43874"}', NULL, '2026-03-24T10:48:40.080Z', '2026-03-24T10:48:40.080Z', NULL, NULL, '', '', NULL, DEFAULT, 0, NULL, DEFAULT, NULL, 'f', NULL, 'f'), ('00000000-0000-0000-0000-000000000000', '71c8f57c-aae5-5ac8-8fc0-a1ff399b17b8', 'authenticated', 'authenticated', 'tre_bins85200@email.com', '$2b$10$0Ns5shFkiB1bHr7njIOkiOB3HLH3HyKoxJT3jWbcSlzkZK.9ZuRIW', '2026-03-24T10:48:40.081Z', NULL, 'Epicabo duci calerit natur recteque aeque sapientia, eo possine ad capti petentur faciunturpis tamusu itus.', NULL, 'Bonum in sine perant quae cur recte, sed intelosop ferreum at ait nosmetu conferre efficer.', NULL, 'Latinesse plerum nec bonumque qua.', '', NULL, NULL, '{"provider":"email","providers":["email"]}', '{"email_verified":true,"username":"Tre_Bins85200"}', NULL, '2026-03-24T10:48:40.081Z', '2026-03-24T10:48:40.081Z', NULL, NULL, '', '', NULL, DEFAULT, 0, NULL, DEFAULT, NULL, 'f', NULL, 'f'), ('00000000-0000-0000-0000-000000000000', '815c84a1-9088-5e6f-b1ab-0853285c0e5d', 'authenticated', 'authenticated', 'timmy.macejkovic56637@email.com', '$2b$10$0Ns5shFkiB1bHr7njIOkiOB3HLH3HyKoxJT3jWbcSlzkZK.9ZuRIW', '2026-03-24T10:48:40.081Z', NULL, 'Negenem mediocritum dedocritus ad fautricesse faciunturbat mortalibus.', NULL, 'Minim aut elab es cum quia habentium necest, te tua versionest ipsa eadem.', NULL, 'Corrigerta non accurati ant quibus quos videt.', '', NULL, NULL, '{"provider":"email","providers":["email"]}', '{"email_verified":true,"username":"both-achiever56637"}', NULL, '2026-03-24T10:48:40.081Z', '2026-03-24T10:48:40.081Z', NULL, NULL, '', '', NULL, DEFAULT, 0, NULL, DEFAULT, NULL, 'f', NULL, 'f'), ('00000000-0000-0000-0000-000000000000', 'f14ee7a7-b3f9-561d-8cf7-983293f0008f', 'authenticated', 'authenticated', 'ivah.moen87060@email.com', '$2b$10$0Ns5shFkiB1bHr7njIOkiOB3HLH3HyKoxJT3jWbcSlzkZK.9ZuRIW', '2026-03-24T10:48:40.081Z', NULL, 'Caecat corporro studia paulo te nesque eo, etura aliqua non latinquit necesset inflammater omnium natur.', NULL, 'Minim etiamsi ilesse modo autemus ne are.', NULL, 'Rudem igi locum quam nocetiamque neque in.', '', NULL, NULL, '{"provider":"email","providers":["email"]}', '{"email_verified":true,"username":"Ivah_Moen87060"}', NULL, '2026-03-24T10:48:40.081Z', '2026-03-24T10:48:40.081Z', NULL, NULL, '', '', NULL, DEFAULT, 0, NULL, DEFAULT, NULL, 'f', NULL, 'f'), ('00000000-0000-0000-0000-000000000000', 'e4153ca5-d012-5995-bad4-086731587974', 'authenticated', 'authenticated', 'dolly.mclaughlin73605@email.com', '$2b$10$0Ns5shFkiB1bHr7njIOkiOB3HLH3HyKoxJT3jWbcSlzkZK.9ZuRIW', '2026-03-24T10:48:40.082Z', NULL, 'Cruciant quasi primum sint regionem qua, inquam et sed quoniam repugnantib tum.', NULL, 'Ad quam audit scaevoli nam is pertinis eos, totelem per in quae docti terire versione.', NULL, 'Exultimeam mis nihillud finita graecosophi quod se quae.', '', NULL, NULL, '{"provider":"email","providers":["email"]}', '{"email_verified":true,"username":"courageous_corduroy73605"}', NULL, '2026-03-24T10:48:40.082Z', '2026-03-24T10:48:40.082Z', NULL, NULL, '', '', NULL, DEFAULT, 0, NULL, DEFAULT, NULL, 'f', NULL, 'f'), ('00000000-0000-0000-0000-000000000000', '8bb5337a-4ae8-5fe9-834c-d09e97c220b7', 'authenticated', 'authenticated', 'keenan_veum68734@email.com', '$2b$10$0Ns5shFkiB1bHr7njIOkiOB3HLH3HyKoxJT3jWbcSlzkZK.9ZuRIW', '2026-03-24T10:48:40.082Z', NULL, 'Vero a persequam ius legum ei expeccandi deorsuscipi, potesque sit neque iturum locus de praetere etiam.', NULL, 'Concludate se cotidem dicuntur momenem.', NULL, 'Si voluptates quae licitur si.', '', NULL, NULL, '{"provider":"email","providers":["email"]}', '{"email_verified":true,"username":"Keenan.Veum68734"}', NULL, '2026-03-24T10:48:40.082Z', '2026-03-24T10:48:40.082Z', NULL, NULL, '', '', NULL, DEFAULT, 0, NULL, DEFAULT, NULL, 'f', NULL, 'f'), ('00000000-0000-0000-0000-000000000000', 'b36ab93a-34cf-5d2f-8309-1f65466da6f0', 'authenticated', 'authenticated', 'darlene.schowalter92594@email.com', '$2b$10$0Ns5shFkiB1bHr7njIOkiOB3HLH3HyKoxJT3jWbcSlzkZK.9ZuRIW', '2026-03-24T10:48:40.083Z', NULL, 'Igitaque incur tamque cum in, it cernimus disciperab nihillud nihil.', NULL, 'Effectrice iusto dici inquit reliquam oris dicen.', NULL, 'Et ilique metum voluptates credere quibus.', '', NULL, NULL, '{"provider":"email","providers":["email"]}', '{"email_verified":true,"username":"shiny_dancer92594"}', NULL, '2026-03-24T10:48:40.083Z', '2026-03-24T10:48:40.083Z', NULL, NULL, '', '', NULL, DEFAULT, 0, NULL, DEFAULT, NULL, 'f', NULL, 'f'), ('00000000-0000-0000-0000-000000000000', '44315cac-0a3d-513e-ae25-923183abdce2', 'authenticated', 'authenticated', 'sally_konopelski48079@email.com', '$2b$10$0Ns5shFkiB1bHr7njIOkiOB3HLH3HyKoxJT3jWbcSlzkZK.9ZuRIW', '2026-03-24T10:48:40.083Z', NULL, 'Cotidemur non anim beatae dissentention ea appellant sabinter, nos eadem et inis est voluptati sequeretit odum.', NULL, 'Futura ne ferat persequerin ut dices geometenim.', NULL, 'Non fruuntur abo autemus quae venire.', '', NULL, NULL, '{"provider":"email","providers":["email"]}', '{"email_verified":true,"username":"unknown_coproducer48079"}', NULL, '2026-03-24T10:48:40.083Z', '2026-03-24T10:48:40.083Z', NULL, NULL, '', '', NULL, DEFAULT, 0, NULL, DEFAULT, NULL, 'f', NULL, 'f'), ('00000000-0000-0000-0000-000000000000', 'bc6c992f-6177-5b38-a99d-4c1f8bf2d0e3', 'authenticated', 'authenticated', 'humberto.goyette15365@email.com', '$2b$10$0Ns5shFkiB1bHr7njIOkiOB3HLH3HyKoxJT3jWbcSlzkZK.9ZuRIW', '2026-03-24T10:48:40.083Z', NULL, 'Esse defenta nec sempercipit possummum bonorem, odia has congressus ura sentenebam.', NULL, 'Iucunditas ipsam summam consecut vel quibusus non.', NULL, 'Propterire et nosque id satisci, ceteret constitut et hanc alter videnimpet degenime non.', '', NULL, NULL, '{"provider":"email","providers":["email"]}', '{"email_verified":true,"username":"informal.mangrove15365"}', NULL, '2026-03-24T10:48:40.083Z', '2026-03-24T10:48:40.083Z', NULL, NULL, '', '', NULL, DEFAULT, 0, NULL, DEFAULT, NULL, 'f', NULL, 'f'), ('00000000-0000-0000-0000-000000000000', '5ca75a8e-3605-5166-aa74-4e2e2fc0beef', 'authenticated', 'authenticated', 'ocie.hane27@email.com', '$2b$10$0Ns5shFkiB1bHr7njIOkiOB3HLH3HyKoxJT3jWbcSlzkZK.9ZuRIW', '2026-03-24T10:48:40.084Z', NULL, 'Non vita dolorum perveniri quantum.', NULL, 'Ne causa haec cognitation autem ut.', NULL, 'E est etur corpore corportari, qui domo inant tima faciendam es.', '', NULL, NULL, '{"provider":"email","providers":["email"]}', '{"email_verified":true,"username":"Ocie-Hane27"}', NULL, '2026-03-24T10:48:40.084Z', '2026-03-24T10:48:40.084Z', NULL, NULL, '', '', NULL, DEFAULT, 0, NULL, DEFAULT, NULL, 'f', NULL, 'f'), ('00000000-0000-0000-0000-000000000000', '12b3f6e4-8e09-5767-b1ce-9d45589acea2', 'authenticated', 'authenticated', 'jasen_ernser82277@email.com', '$2b$10$0Ns5shFkiB1bHr7njIOkiOB3HLH3HyKoxJT3jWbcSlzkZK.9ZuRIW', '2026-03-24T10:48:40.084Z', NULL, 'Bona iis idita dolordam in potest vituptatem ocriter, graecis sequi paratis divitatum vestiganus confidet regulatque num.', NULL, 'Firmare laetituri et inter et.', NULL, 'Sit probab eruditat quae successio a collegi quod.', '', NULL, NULL, '{"provider":"email","providers":["email"]}', '{"email_verified":true,"username":"eye_rabbit82277"}', NULL, '2026-03-24T10:48:40.084Z', '2026-03-24T10:48:40.084Z', NULL, NULL, '', '', NULL, DEFAULT, 0, NULL, DEFAULT, NULL, 'f', NULL, 'f'), ('00000000-0000-0000-0000-000000000000', '461f046b-b8af-5c8e-95dd-0f9194531ecb', 'authenticated', 'authenticated', 'ladarius_becker64064@email.com', '$2b$10$0Ns5shFkiB1bHr7njIOkiOB3HLH3HyKoxJT3jWbcSlzkZK.9ZuRIW', '2026-03-24T10:48:40.084Z', NULL, 'Illa quisquam mundi debilo ruant et non delectamen.', NULL, 'Distrahi quam voluptas se ferre.', NULL, 'Statimur laborteren utiliarum sit neque in videt.', '', NULL, NULL, '{"provider":"email","providers":["email"]}', '{"email_verified":true,"username":"flex_spume64064"}', NULL, '2026-03-24T10:48:40.084Z', '2026-03-24T10:48:40.084Z', NULL, NULL, '', '', NULL, DEFAULT, 0, NULL, DEFAULT, NULL, 'f', NULL, 'f'), ('00000000-0000-0000-0000-000000000000', 'dce623ef-801d-54b0-a2df-9358c082e29e', 'authenticated', 'authenticated', 'gardner_lowe42244@email.com', '$2b$10$0Ns5shFkiB1bHr7njIOkiOB3HLH3HyKoxJT3jWbcSlzkZK.9ZuRIW', '2026-03-24T10:48:40.084Z', NULL, 'Placetiam non rerum geniisque terae um ulla pleniora.', NULL, 'In metu iis eo doceat esse nam urbes.', NULL, 'Quae est solum cordant habenimpet erudiniur.', '', NULL, NULL, '{"provider":"email","providers":["email"]}', '{"email_verified":true,"username":"Gardner-Lowe42244"}', NULL, '2026-03-24T10:48:40.084Z', '2026-03-24T10:48:40.084Z', NULL, NULL, '', '', NULL, DEFAULT, 0, NULL, DEFAULT, NULL, 'f', NULL, 'f'), ('00000000-0000-0000-0000-000000000000', '82d62e5d-3a42-5fcc-8eba-42d842fea91a', 'authenticated', 'authenticated', 'alverta_brown74241@email.com', '$2b$10$0Ns5shFkiB1bHr7njIOkiOB3HLH3HyKoxJT3jWbcSlzkZK.9ZuRIW', '2026-03-24T10:48:40.085Z', NULL, 'Et pueri legi habet eos voluptatem epicito et, qui infinitur corrupisse ophi nobis sed corpore.', NULL, 'Us e quae voluptat quam si discernantib offendimur, antiopam concludat viditiae loquuntur quibus negat praetore eorum.', NULL, 'Voluptas queo omnes eo timum, quae sed aretur non vidiae non.', '', NULL, NULL, '{"provider":"email","providers":["email"]}', '{"email_verified":true,"username":"powder_chaos74241"}', NULL, '2026-03-24T10:48:40.085Z', '2026-03-24T10:48:40.085Z', NULL, NULL, '', '', NULL, DEFAULT, 0, NULL, DEFAULT, NULL, 'f', NULL, 'f'), ('00000000-0000-0000-0000-000000000000', '4906cefc-1eec-5209-9bcc-28e8cf7c862a', 'authenticated', 'authenticated', 'sienna_herman80071@email.com', '$2b$10$0Ns5shFkiB1bHr7njIOkiOB3HLH3HyKoxJT3jWbcSlzkZK.9ZuRIW', '2026-03-24T10:48:40.085Z', NULL, 'Necesset sit voluptatib se studium.', NULL, 'Gregessariae defent ophia qua nacti aper.', NULL, 'Aut vera graecamatem constituam sapienteris bonas, qua homindocen et beatequos sane deniqua non timum.', '', NULL, NULL, '{"provider":"email","providers":["email"]}', '{"email_verified":true,"username":"rant.hand80071"}', NULL, '2026-03-24T10:48:40.085Z', '2026-03-24T10:48:40.085Z', NULL, NULL, '', '', NULL, DEFAULT, 0, NULL, DEFAULT, NULL, 'f', NULL, 'f'), ('00000000-0000-0000-0000-000000000000', 'c9ea0237-6687-557a-b9a6-7641ce93392e', 'authenticated', 'authenticated', 'lily_o_keefe53339@email.com', '$2b$10$0Ns5shFkiB1bHr7njIOkiOB3HLH3HyKoxJT3jWbcSlzkZK.9ZuRIW', '2026-03-24T10:48:40.085Z', NULL, 'Et tam probetiam his sunt insequitas sit autem.', NULL, 'Quanta qua ut contemporro quid.', NULL, 'Ceditur caelo nis probatus quid allicet itur.', '', NULL, NULL, '{"provider":"email","providers":["email"]}', '{"email_verified":true,"username":"space.territory53339"}', NULL, '2026-03-24T10:48:40.085Z', '2026-03-24T10:48:40.085Z', NULL, NULL, '', '', NULL, DEFAULT, 0, NULL, DEFAULT, NULL, 'f', NULL, 'f'), ('00000000-0000-0000-0000-000000000000', '698b6e50-7060-5752-b30f-c3c5d2ee3400', 'authenticated', 'authenticated', 'luisa_reichert63179@email.com', '$2b$10$0Ns5shFkiB1bHr7njIOkiOB3HLH3HyKoxJT3jWbcSlzkZK.9ZuRIW', '2026-03-24T10:48:40.086Z', NULL, 'Eo qui tamens quoniam em latura praeteratur, delectate ut ipuit beatequos ea metu numerrem.', NULL, 'Et quidque non id dolornat ad.', NULL, 'Primo inerarum praesendi in m sapiente.', '', NULL, NULL, '{"provider":"email","providers":["email"]}', '{"email_verified":true,"username":"Luisa-Reichert63179"}', NULL, '2026-03-24T10:48:40.086Z', '2026-03-24T10:48:40.086Z', NULL, NULL, '', '', NULL, DEFAULT, 0, NULL, DEFAULT, NULL, 'f', NULL, 'f'), ('00000000-0000-0000-0000-000000000000', 'f50300db-d620-587a-a6c0-46d7f9ace912', 'authenticated', 'authenticated', 'dino_rempel81191@email.com', '$2b$10$0Ns5shFkiB1bHr7njIOkiOB3HLH3HyKoxJT3jWbcSlzkZK.9ZuRIW', '2026-03-24T10:48:40.086Z', NULL, 'Contra moribus moles omnisi ant.', NULL, 'Ruant ut quasi haec mediocrisque simos.', NULL, 'Possunt se non ille aliquid.', '', NULL, NULL, '{"provider":"email","providers":["email"]}', '{"email_verified":true,"username":"Dino_Rempel81191"}', NULL, '2026-03-24T10:48:40.086Z', '2026-03-24T10:48:40.086Z', NULL, NULL, '', '', NULL, DEFAULT, 0, NULL, DEFAULT, NULL, 'f', NULL, 'f'), ('00000000-0000-0000-0000-000000000000', '05eee4fe-379a-5426-9023-edc77e045168', 'authenticated', 'authenticated', 'gonzalo_shanahan90997@email.com', '$2b$10$0Ns5shFkiB1bHr7njIOkiOB3HLH3HyKoxJT3jWbcSlzkZK.9ZuRIW', '2026-03-24T10:48:40.086Z', NULL, 'Quo adhibuit inis ad iudicio dicam, ea dolorem num etur natura nosterminus.', NULL, 'Is sit animiae omnia omni, a interesse am hae es ullum amurbanit.', NULL, 'Hoc innumquam untur platonium philos misertim, praestabillud quasi facilesque si iud molesse.', '', NULL, NULL, '{"provider":"email","providers":["email"]}', '{"email_verified":true,"username":"overwhelm.destruction90997"}', NULL, '2026-03-24T10:48:40.086Z', '2026-03-24T10:48:40.086Z', NULL, NULL, '', '', NULL, DEFAULT, 0, NULL, DEFAULT, NULL, 'f', NULL, 'f'), ('00000000-0000-0000-0000-000000000000', '3b2bfa08-09d7-5968-a3d8-4fe62753f511', 'authenticated', 'authenticated', 'nikolas_lesch92192@email.com', '$2b$10$0Ns5shFkiB1bHr7njIOkiOB3HLH3HyKoxJT3jWbcSlzkZK.9ZuRIW', '2026-03-24T10:48:40.086Z', NULL, 'Sit quae videt et videt, intemnentes fuerit ut eadem sum ratio.', NULL, 'Fatem quae ad certis etiam sua, quae nos omnem epicium atest virtutum.', NULL, 'Pulcherrimum sed causa magistrariis magnitio.', '', NULL, NULL, '{"provider":"email","providers":["email"]}', '{"email_verified":true,"username":"cheerful-flute92192"}', NULL, '2026-03-24T10:48:40.086Z', '2026-03-24T10:48:40.086Z', NULL, NULL, '', '', NULL, DEFAULT, 0, NULL, DEFAULT, NULL, 'f', NULL, 'f'), ('00000000-0000-0000-0000-000000000000', 'a866962c-13a6-52c8-965b-d859c0325cb5', 'authenticated', 'authenticated', 'brandt_ryan48768@email.com', '$2b$10$0Ns5shFkiB1bHr7njIOkiOB3HLH3HyKoxJT3jWbcSlzkZK.9ZuRIW', '2026-03-24T10:48:40.086Z', NULL, 'Quidem huic de vis certe ex moderror atius, voluptatum ut male se solum.', NULL, 'Expetet sit rutil eret minus voluptat quidem, solum cum neque atum sentias.', NULL, 'Autem quodsi novum a explicet privamicur partis ilest, hoc magnam optinis voluptate magnumenda corporro il tamendum.', '', NULL, NULL, '{"provider":"email","providers":["email"]}', '{"email_verified":true,"username":"accumulate_silica48768"}', NULL, '2026-03-24T10:48:40.086Z', '2026-03-24T10:48:40.086Z', NULL, NULL, '', '', NULL, DEFAULT, 0, NULL, DEFAULT, NULL, 'f', NULL, 'f'), ('00000000-0000-0000-0000-000000000000', '6f72baed-b6f1-5fb7-a370-fb32611b758b', 'authenticated', 'authenticated', 'haven.romaguera63104@email.com', '$2b$10$0Ns5shFkiB1bHr7njIOkiOB3HLH3HyKoxJT3jWbcSlzkZK.9ZuRIW', '2026-03-24T10:48:40.087Z', NULL, 'Es quae nam allicet fuisse titia.', NULL, 'Iderita faciam quis est temporis suum quibus ipsos.', NULL, 'Reprehenim vellem dem modum eum cuius evendi se.', '', NULL, NULL, '{"provider":"email","providers":["email"]}', '{"email_verified":true,"username":"summarize.hotdog63104"}', NULL, '2026-03-24T10:48:40.087Z', '2026-03-24T10:48:40.087Z', NULL, NULL, '', '', NULL, DEFAULT, 0, NULL, DEFAULT, NULL, 'f', NULL, 'f'), ('00000000-0000-0000-0000-000000000000', 'f7030727-d86e-5990-9431-89c9c43ffd21', 'authenticated', 'authenticated', 'reanna.herman84232@email.com', '$2b$10$0Ns5shFkiB1bHr7njIOkiOB3HLH3HyKoxJT3jWbcSlzkZK.9ZuRIW', '2026-03-24T10:48:40.087Z', NULL, 'Converum sent famest maximam esse, nomin voluptation de hoc iret aut pericia iudicipsa.', NULL, 'Ter suavit se vero ad hones nes quod, voluptatis ipsummam haec opinest am.', NULL, 'Sapiens meliuste numquamquam fruenda captet nec praeclaret, non erudit cum invidi vel de.', '', NULL, NULL, '{"provider":"email","providers":["email"]}', '{"email_verified":true,"username":"legitimise.south84232"}', NULL, '2026-03-24T10:48:40.087Z', '2026-03-24T10:48:40.087Z', NULL, NULL, '', '', NULL, DEFAULT, 0, NULL, DEFAULT, NULL, 'f', NULL, 'f'), ('00000000-0000-0000-0000-000000000000', '94176c1d-3b0c-555f-8cf3-91d3e7f54660', 'authenticated', 'authenticated', 'sibyl_padberg18391@email.com', '$2b$10$0Ns5shFkiB1bHr7njIOkiOB3HLH3HyKoxJT3jWbcSlzkZK.9ZuRIW', '2026-03-24T10:48:40.087Z', NULL, 'Cum quocire contenuit scripta sit sedenimos.', NULL, 'Eret inter non perpetendum dixit et.', NULL, 'Solet tamentes non quamquam in exista aut autem.', '', NULL, NULL, '{"provider":"email","providers":["email"]}', '{"email_verified":true,"username":"block.marxism18391"}', NULL, '2026-03-24T10:48:40.087Z', '2026-03-24T10:48:40.087Z', NULL, NULL, '', '', NULL, DEFAULT, 0, NULL, DEFAULT, NULL, 'f', NULL, 'f'), ('00000000-0000-0000-0000-000000000000', 'e24cab33-3c50-58d1-b03b-7255d026525f', 'authenticated', 'authenticated', 'amani_schoen61585@email.com', '$2b$10$0Ns5shFkiB1bHr7njIOkiOB3HLH3HyKoxJT3jWbcSlzkZK.9ZuRIW', '2026-03-24T10:48:40.087Z', NULL, 'Etiam quae inciderum ocente ut perii eo tes, et cum itudintel dolor am quaeritatis.', NULL, 'Inter inum causa ulum allicitum quiddam.', NULL, 'Intellegen quid isque a quidem abo arbitrare.', '', NULL, NULL, '{"provider":"email","providers":["email"]}', '{"email_verified":true,"username":"package-counsel61585"}', NULL, '2026-03-24T10:48:40.087Z', '2026-03-24T10:48:40.087Z', NULL, NULL, '', '', NULL, DEFAULT, 0, NULL, DEFAULT, NULL, 'f', NULL, 'f'), ('00000000-0000-0000-0000-000000000000', '2a7be9d0-8baf-50e6-b6f4-18e809a3a13b', 'authenticated', 'authenticated', 'vito_morar52009@email.com', '$2b$10$0Ns5shFkiB1bHr7njIOkiOB3HLH3HyKoxJT3jWbcSlzkZK.9ZuRIW', '2026-03-24T10:48:40.087Z', NULL, 'Non moveatur tenebitur epicur sitne numquamquamquam um quia.', NULL, 'Sit gendos concupid ferat quod fugiente, probanim continguique inprobation repet negare et cum.', NULL, 'Eoque sed aliquem ferioribus haec sed hinc, non inernumer probab cum quibus.', '', NULL, NULL, '{"provider":"email","providers":["email"]}', '{"email_verified":true,"username":"silence_siding52009"}', NULL, '2026-03-24T10:48:40.087Z', '2026-03-24T10:48:40.087Z', NULL, NULL, '', '', NULL, DEFAULT, 0, NULL, DEFAULT, NULL, 'f', NULL, 'f'), ('00000000-0000-0000-0000-000000000000', 'c9891bab-01c0-5c96-a59b-698c3e42ee76', 'authenticated', 'authenticated', 'modesto.larson42325@email.com', '$2b$10$0Ns5shFkiB1bHr7njIOkiOB3HLH3HyKoxJT3jWbcSlzkZK.9ZuRIW', '2026-03-24T10:48:40.087Z', NULL, 'Aut ipem caderisset quocire ad hoc athenis se, quae voluptate profectamen possunt sentiunt praesidition sapere quae.', NULL, 'Exis rationis te melius potes tum credo iudicaris.', NULL, 'Sunt aut philos privenim cotidonem causa, nos propter statuerunt magnitat ne esse copiosum ermiserin.', '', NULL, NULL, '{"provider":"email","providers":["email"]}', '{"email_verified":true,"username":"innovate-dearest42325"}', NULL, '2026-03-24T10:48:40.087Z', '2026-03-24T10:48:40.087Z', NULL, NULL, '', '', NULL, DEFAULT, 0, NULL, DEFAULT, NULL, 'f', NULL, 'f'), ('00000000-0000-0000-0000-000000000000', '3677d7c5-e817-50dc-8fe7-96875868f5fe', 'authenticated', 'authenticated', 'patience_marks29725@email.com', '$2b$10$0Ns5shFkiB1bHr7njIOkiOB3HLH3HyKoxJT3jWbcSlzkZK.9ZuRIW', '2026-03-24T10:48:40.088Z', NULL, 'Videratio nam tibus esse corporisse recte.', NULL, 'De lucil non quia dissidua.', NULL, 'Non beate tur inis atu intuemur imi.', '', NULL, NULL, '{"provider":"email","providers":["email"]}', '{"email_verified":true,"username":"Patience_Marks29725"}', NULL, '2026-03-24T10:48:40.088Z', '2026-03-24T10:48:40.088Z', NULL, NULL, '', '', NULL, DEFAULT, 0, NULL, DEFAULT, NULL, 'f', NULL, 'f'), ('00000000-0000-0000-0000-000000000000', 'aa7a01ba-9a20-5916-a645-dcf87c96bee8', 'authenticated', 'authenticated', 'santiago_schmidt89011@email.com', '$2b$10$0Ns5shFkiB1bHr7njIOkiOB3HLH3HyKoxJT3jWbcSlzkZK.9ZuRIW', '2026-03-24T10:48:40.088Z', NULL, 'Sed inum certe invendibil quod fatenturpe.', NULL, 'Exquis quo enimamus quae am primissimul sit graecos.', NULL, 'Nam spatio possumma qui gloriae, igentibiq intuemurus alter non omni quosvis summum.', '', NULL, NULL, '{"provider":"email","providers":["email"]}', '{"email_verified":true,"username":"incorporate_grasp89011"}', NULL, '2026-03-24T10:48:40.088Z', '2026-03-24T10:48:40.088Z', NULL, NULL, '', '', NULL, DEFAULT, 0, NULL, DEFAULT, NULL, 'f', NULL, 'f'), ('00000000-0000-0000-0000-000000000000', 'c2f80e87-ed19-572f-8adb-3b8b5c6323b5', 'authenticated', 'authenticated', 'gerald.halvorson59769@email.com', '$2b$10$0Ns5shFkiB1bHr7njIOkiOB3HLH3HyKoxJT3jWbcSlzkZK.9ZuRIW', '2026-03-24T10:48:40.088Z', NULL, 'Es fieri tam maiorem rationes tibi.', NULL, 'Rem inimos ab philosophiae proposopor si, recta inum ea variis posse.', NULL, 'Eum a id nec decore medeamque.', '', NULL, NULL, '{"provider":"email","providers":["email"]}', '{"email_verified":true,"username":"regale-gigantism59769"}', NULL, '2026-03-24T10:48:40.088Z', '2026-03-24T10:48:40.088Z', NULL, NULL, '', '', NULL, DEFAULT, 0, NULL, DEFAULT, NULL, 'f', NULL, 'f'), ('00000000-0000-0000-0000-000000000000', 'a0154674-b054-5c21-b898-40d22fa3003d', 'authenticated', 'authenticated', 'ulises.oberbrunner36358@email.com', '$2b$10$0Ns5shFkiB1bHr7njIOkiOB3HLH3HyKoxJT3jWbcSlzkZK.9ZuRIW', '2026-03-24T10:48:40.088Z', NULL, 'Apertamen ipsa verum ex sempertur proprius.', NULL, 'Quid suavit expetiuntur tem desidem sit.', NULL, 'Vel voluptate maxime sed neque ad domus, alest et det melius omne incidanum.', '', NULL, NULL, '{"provider":"email","providers":["email"]}', '{"email_verified":true,"username":"Ulises_Oberbrunner36358"}', NULL, '2026-03-24T10:48:40.088Z', '2026-03-24T10:48:40.088Z', NULL, NULL, '', '', NULL, DEFAULT, 0, NULL, DEFAULT, NULL, 'f', NULL, 'f'), ('00000000-0000-0000-0000-000000000000', '6b0fa178-00ff-552f-bbe4-e58bf12db321', 'authenticated', 'authenticated', 'savanah.terry89603@email.com', '$2b$10$0Ns5shFkiB1bHr7njIOkiOB3HLH3HyKoxJT3jWbcSlzkZK.9ZuRIW', '2026-03-24T10:48:40.088Z', NULL, 'Causa quaeritati bent totelis quo vitiis satiabilius es.', NULL, 'Eum linationes tamureis cyrenaicisdem aegritudin videat quod atque, sumus eruniae sabineriet cum iudicitten romanimo paene.', NULL, 'Nostris etrica contrari cum causa det molest, necest aut inem et eius molest potessit ore.', '', NULL, NULL, '{"provider":"email","providers":["email"]}', '{"email_verified":true,"username":"Savanah_Terry89603"}', NULL, '2026-03-24T10:48:40.088Z', '2026-03-24T10:48:40.088Z', NULL, NULL, '', '', NULL, DEFAULT, 0, NULL, DEFAULT, NULL, 'f', NULL, 'f'), ('00000000-0000-0000-0000-000000000000', '9d460269-df83-57bd-a515-4a5d49cc589f', 'authenticated', 'authenticated', 'bethany.armstrong76386@email.com', '$2b$10$0Ns5shFkiB1bHr7njIOkiOB3HLH3HyKoxJT3jWbcSlzkZK.9ZuRIW', '2026-03-24T10:48:40.088Z', NULL, 'Quidemus et dolor praesendarum tum delectetur laudant physicis, es est quidem tum posset.', NULL, 'Quid hostemporis domest plane exer quodsi aut, nihilitas idua aut ob quod et.', NULL, 'Tollit nam et satis serensa.', '', NULL, NULL, '{"provider":"email","providers":["email"]}', '{"email_verified":true,"username":"Bethany_Armstrong76386"}', NULL, '2026-03-24T10:48:40.088Z', '2026-03-24T10:48:40.088Z', NULL, NULL, '', '', NULL, DEFAULT, 0, NULL, DEFAULT, NULL, 'f', NULL, 'f'), ('00000000-0000-0000-0000-000000000000', 'c64abb79-d7ad-588f-baed-dba88fb7365c', 'authenticated', 'authenticated', 'adele.luettgen11997@email.com', '$2b$10$0Ns5shFkiB1bHr7njIOkiOB3HLH3HyKoxJT3jWbcSlzkZK.9ZuRIW', '2026-03-24T10:48:40.089Z', NULL, 'Te qua nisi nosmetu am quid honesset.', NULL, 'Serundius cupid careret idque potionesse iditere ipsummum.', NULL, 'Dicem monetur vero ad non sine.', '', NULL, NULL, '{"provider":"email","providers":["email"]}', '{"email_verified":true,"username":"Adele_Luettgen11997"}', NULL, '2026-03-24T10:48:40.089Z', '2026-03-24T10:48:40.089Z', NULL, NULL, '', '', NULL, DEFAULT, 0, NULL, DEFAULT, NULL, 'f', NULL, 'f'), ('00000000-0000-0000-0000-000000000000', '2a673d00-20b6-5c6c-901e-cee3d829089b', 'authenticated', 'authenticated', 'richmond.murazik59893@email.com', '$2b$10$0Ns5shFkiB1bHr7njIOkiOB3HLH3HyKoxJT3jWbcSlzkZK.9ZuRIW', '2026-03-24T10:48:40.089Z', NULL, 'Negarent legere neque in est horrenovat qui ilius.', NULL, 'Potita consuetudin quidem pertiner et extremum.', NULL, 'Bona non quid non pectamus multis.', '', NULL, NULL, '{"provider":"email","providers":["email"]}', '{"email_verified":true,"username":"Richmond-Murazik59893"}', NULL, '2026-03-24T10:48:40.089Z', '2026-03-24T10:48:40.089Z', NULL, NULL, '', '', NULL, DEFAULT, 0, NULL, DEFAULT, NULL, 'f', NULL, 'f'), ('00000000-0000-0000-0000-000000000000', '7deb6d46-931a-5fde-8217-398c134e7c57', 'authenticated', 'authenticated', 'brook.goldner79118@email.com', '$2b$10$0Ns5shFkiB1bHr7njIOkiOB3HLH3HyKoxJT3jWbcSlzkZK.9ZuRIW', '2026-03-24T10:48:40.089Z', NULL, 'Minus virtute indignitat ut ipsa est eorum praeteranum.', NULL, 'Quae vitamaren filio cognitudo omos apero.', NULL, 'Videm te multos possunt earum, ophiae im nulla multis pericitur.', '', NULL, NULL, '{"provider":"email","providers":["email"]}', '{"email_verified":true,"username":"oily.significance79118"}', NULL, '2026-03-24T10:48:40.089Z', '2026-03-24T10:48:40.089Z', NULL, NULL, '', '', NULL, DEFAULT, 0, NULL, DEFAULT, NULL, 'f', NULL, 'f'), ('00000000-0000-0000-0000-000000000000', 'e1fae05f-f68c-5998-bd21-71a9904ac383', 'authenticated', 'authenticated', 'monserrate.schuppe44937@email.com', '$2b$10$0Ns5shFkiB1bHr7njIOkiOB3HLH3HyKoxJT3jWbcSlzkZK.9ZuRIW', '2026-03-24T10:48:40.089Z', NULL, 'Civita minut successeret non mollitter de, litate erem omnium escenset qua dolor.', NULL, 'Novum prompta dubium quod se memor mune utamus.', NULL, 'Cum et ophortener cordiae am proptere ea entineant, omne audire hoc corrumvis defenimprob.', '', NULL, NULL, '{"provider":"email","providers":["email"]}', '{"email_verified":true,"username":"indelible_ziggurat44937"}', NULL, '2026-03-24T10:48:40.089Z', '2026-03-24T10:48:40.089Z', NULL, NULL, '', '', NULL, DEFAULT, 0, NULL, DEFAULT, NULL, 'f', NULL, 'f'), ('00000000-0000-0000-0000-000000000000', 'ccdc1502-7a54-5584-94ef-46b4378648e5', 'authenticated', 'authenticated', 'sylvester.hahn23949@email.com', '$2b$10$0Ns5shFkiB1bHr7njIOkiOB3HLH3HyKoxJT3jWbcSlzkZK.9ZuRIW', '2026-03-24T10:48:40.089Z', NULL, 'Nihil ab putet vult et maiorum, gratia his salut quibus est quae primis.', NULL, 'Praetorum nec latin nunc consuetudit.', NULL, 'Arum facta videndi multi aequum praeteris probanimus moles.', '', NULL, NULL, '{"provider":"email","providers":["email"]}', '{"email_verified":true,"username":"advance_bumper23949"}', NULL, '2026-03-24T10:48:40.089Z', '2026-03-24T10:48:40.089Z', NULL, NULL, '', '', NULL, DEFAULT, 0, NULL, DEFAULT, NULL, 'f', NULL, 'f'), ('00000000-0000-0000-0000-000000000000', 'b50d8149-9d51-599c-af52-9ae1aa08decb', 'authenticated', 'authenticated', 'lloyd_hilpert31176@email.com', '$2b$10$0Ns5shFkiB1bHr7njIOkiOB3HLH3HyKoxJT3jWbcSlzkZK.9ZuRIW', '2026-03-24T10:48:40.089Z', NULL, 'Neque si paulo atibus si.', NULL, 'Ut non epicores nec eamque tamendum vita.', NULL, 'Audiam hominem desid quam ex, qui abiterri ratio rem virtutesse ut.', '', NULL, NULL, '{"provider":"email","providers":["email"]}', '{"email_verified":true,"username":"Lloyd_Hilpert31176"}', NULL, '2026-03-24T10:48:40.089Z', '2026-03-24T10:48:40.089Z', NULL, NULL, '', '', NULL, DEFAULT, 0, NULL, DEFAULT, NULL, 'f', NULL, 'f'), ('00000000-0000-0000-0000-000000000000', '1b41ea89-57ab-58df-9e2e-db78e9d3b085', 'authenticated', 'authenticated', 'arely_leannon51636@email.com', '$2b$10$0Ns5shFkiB1bHr7njIOkiOB3HLH3HyKoxJT3jWbcSlzkZK.9ZuRIW', '2026-03-24T10:48:40.090Z', NULL, 'Et non utione util nec vindicano.', NULL, 'Audivolven sicut triari idua linatus de, voluptatum sapientes ut contemperii uta etiam de oderigat.', NULL, 'Voluptatis ea utilitia hoc quidem tam maius regula, voluptatis curatista quibus nobis praeterimos philos frui libris.', '', NULL, NULL, '{"provider":"email","providers":["email"]}', '{"email_verified":true,"username":"discourse-morsel51636"}', NULL, '2026-03-24T10:48:40.090Z', '2026-03-24T10:48:40.090Z', NULL, NULL, '', '', NULL, DEFAULT, 0, NULL, DEFAULT, NULL, 'f', NULL, 'f'), ('00000000-0000-0000-0000-000000000000', '00ce06d9-8cd0-5ba9-a805-8df9498a85b6', 'authenticated', 'authenticated', 'melba_schamberger86674@email.com', '$2b$10$0Ns5shFkiB1bHr7njIOkiOB3HLH3HyKoxJT3jWbcSlzkZK.9ZuRIW', '2026-03-24T10:48:40.090Z', NULL, 'Qui neque voluptate voluptatem epicit ea.', NULL, 'Quiddam vivenimpen finibus sine velitiae gloriae aegritum nostra, se recta ut multitura int exis dis veniat.', NULL, 'Gaudeat iis erem ad quod fugiaturus bonum.', '', NULL, NULL, '{"provider":"email","providers":["email"]}', '{"email_verified":true,"username":"furlough.mineshaft86674"}', NULL, '2026-03-24T10:48:40.090Z', '2026-03-24T10:48:40.090Z', NULL, NULL, '', '', NULL, DEFAULT, 0, NULL, DEFAULT, NULL, 'f', NULL, 'f'), ('00000000-0000-0000-0000-000000000000', '1bec2cb9-26e2-5649-a3d1-3758007807ab', 'authenticated', 'authenticated', 'clifton_boyle75811@email.com', '$2b$10$0Ns5shFkiB1bHr7njIOkiOB3HLH3HyKoxJT3jWbcSlzkZK.9ZuRIW', '2026-03-24T10:48:40.090Z', NULL, 'Inquit es maiorem moveat atque misersia scripta perciplinat, stultorquatus exerantur duo ad ilii.', NULL, 'Escens efficit odum intellegun quisquisquam eum omnisi dolorartib, et extremum sunt filio significur minaris civium librisque.', NULL, 'Aut quis autem ut latum es partus sine, erga iucuntur persius maximo si dis quod neque.', '', NULL, NULL, '{"provider":"email","providers":["email"]}', '{"email_verified":true,"username":"compound_chrome75811"}', NULL, '2026-03-24T10:48:40.090Z', '2026-03-24T10:48:40.090Z', NULL, NULL, '', '', NULL, DEFAULT, 0, NULL, DEFAULT, NULL, 'f', NULL, 'f'), ('00000000-0000-0000-0000-000000000000', 'c8de0e17-551d-5e77-b00c-8716d7cade1f', 'authenticated', 'authenticated', 'ludie.cartwright41736@email.com', '$2b$10$0Ns5shFkiB1bHr7njIOkiOB3HLH3HyKoxJT3jWbcSlzkZK.9ZuRIW', '2026-03-24T10:48:40.090Z', NULL, 'Quibustate am vitiis al qui.', NULL, 'Omnes quod legimi aegritudo vim quem utinter veris.', NULL, 'Desperii atione hae beatae a.', '', NULL, NULL, '{"provider":"email","providers":["email"]}', '{"email_verified":true,"username":"broadcast.scarecrow41736"}', NULL, '2026-03-24T10:48:40.090Z', '2026-03-24T10:48:40.090Z', NULL, NULL, '', '', NULL, DEFAULT, 0, NULL, DEFAULT, NULL, 'f', NULL, 'f'), ('00000000-0000-0000-0000-000000000000', '53ca15fa-2a72-5e82-bc89-999d2e699fc2', 'authenticated', 'authenticated', 'garland_dickinson49642@email.com', '$2b$10$0Ns5shFkiB1bHr7njIOkiOB3HLH3HyKoxJT3jWbcSlzkZK.9ZuRIW', '2026-03-24T10:48:40.091Z', NULL, 'Fugientiam epicita iucuntiaret est esset sunt perio contra, causae eius didisdem ego improbis.', NULL, 'In pecunda transferam se admoniti, torem cum ut videre ut namendas.', NULL, 'Corpore facientia monet ipsa es ipsa, quodsi discorpus omum dicta vel fieri moderati afferam.', '', NULL, NULL, '{"provider":"email","providers":["email"]}', '{"email_verified":true,"username":"Garland.Dickinson49642"}', NULL, '2026-03-24T10:48:40.091Z', '2026-03-24T10:48:40.091Z', NULL, NULL, '', '', NULL, DEFAULT, 0, NULL, DEFAULT, NULL, 'f', NULL, 'f'), ('00000000-0000-0000-0000-000000000000', '77cb416f-5991-50bb-86b1-7a7cee5b0e2b', 'authenticated', 'authenticated', 'obie.rolfson10534@email.com', '$2b$10$0Ns5shFkiB1bHr7njIOkiOB3HLH3HyKoxJT3jWbcSlzkZK.9ZuRIW', '2026-03-24T10:48:40.091Z', NULL, 'Dignis verum cum curat perandi.', NULL, 'Hominandae explicem ego quae ponsumerque fortit siculsa, sed istemnitio alii horum est fortas et.', NULL, 'Essariustior expetendus aut melius maiorem lucillae putata caderet, eum effici parum quam et sunt et.', '', NULL, NULL, '{"provider":"email","providers":["email"]}', '{"email_verified":true,"username":"rehear.masonry10534"}', NULL, '2026-03-24T10:48:40.091Z', '2026-03-24T10:48:40.091Z', NULL, NULL, '', '', NULL, DEFAULT, 0, NULL, DEFAULT, NULL, 'f', NULL, 'f'), ('00000000-0000-0000-0000-000000000000', 'a04271d6-d6c7-5984-af71-7b82998bc960', 'authenticated', 'authenticated', 'vladimir.mcglynn10029@email.com', '$2b$10$0Ns5shFkiB1bHr7njIOkiOB3HLH3HyKoxJT3jWbcSlzkZK.9ZuRIW', '2026-03-24T10:48:40.091Z', NULL, 'Tuo nemin esticiam hominmentic tameniet at plerique.', NULL, 'Placuit tranquillitter inter omis nam.', NULL, 'Meam qui natur dolorem ignorandum studiis, omi quod voluptatem vult inquam inem ut.', '', NULL, NULL, '{"provider":"email","providers":["email"]}', '{"email_verified":true,"username":"ruminate_problem10029"}', NULL, '2026-03-24T10:48:40.091Z', '2026-03-24T10:48:40.091Z', NULL, NULL, '', '', NULL, DEFAULT, 0, NULL, DEFAULT, NULL, 'f', NULL, 'f'), ('00000000-0000-0000-0000-000000000000', '7c59f640-9c17-52df-b8e6-924c507dbd93', 'authenticated', 'authenticated', 'anika_wisoky28984@email.com', '$2b$10$0Ns5shFkiB1bHr7njIOkiOB3HLH3HyKoxJT3jWbcSlzkZK.9ZuRIW', '2026-03-24T10:48:40.091Z', NULL, 'Indignae primo proboraris suis maloriis ante, sic dicerea contenta ubi ad inliberim.', NULL, 'Epicit putet ipis voluperim at qui, virtutest philos quem delectram natur dicera.', NULL, 'Venere laudanimos fortitud omnis et finitation atem, reperit nihil generne propteramic ponent si.', '', NULL, NULL, '{"provider":"email","providers":["email"]}', '{"email_verified":true,"username":"vengeful_kitty28984"}', NULL, '2026-03-24T10:48:40.091Z', '2026-03-24T10:48:40.091Z', NULL, NULL, '', '', NULL, DEFAULT, 0, NULL, DEFAULT, NULL, 'f', NULL, 'f'), ('00000000-0000-0000-0000-000000000000', '95e9e489-e32a-5bf9-8fcf-918b9fd3a587', 'authenticated', 'authenticated', 'aditya_wehner70639@email.com', '$2b$10$0Ns5shFkiB1bHr7njIOkiOB3HLH3HyKoxJT3jWbcSlzkZK.9ZuRIW', '2026-03-24T10:48:40.091Z', NULL, 'Expetenim non intellegit ratio sequando mis vidermitten et.', NULL, 'Sapienti vos in velit sed atio, litat historest probabilit neque tua obruamus.', NULL, 'Mihi iisque vitae degenime abuna zenonandae eiusdem, qua libertime admonetiam officere operito cum legimi versanosop.', '', NULL, NULL, '{"provider":"email","providers":["email"]}', '{"email_verified":true,"username":"Aditya.Wehner70639"}', NULL, '2026-03-24T10:48:40.091Z', '2026-03-24T10:48:40.091Z', NULL, NULL, '', '', NULL, DEFAULT, 0, NULL, DEFAULT, NULL, 'f', NULL, 'f'), ('00000000-0000-0000-0000-000000000000', 'b0f3ab01-f238-58f7-844f-6cec972c75e6', 'authenticated', 'authenticated', 'maribel.lowe67465@email.com', '$2b$10$0Ns5shFkiB1bHr7njIOkiOB3HLH3HyKoxJT3jWbcSlzkZK.9ZuRIW', '2026-03-24T10:48:40.092Z', NULL, 'Omnisi auctorum nec et quanto minuitattic audirac am, amicitur se omnium versione expeten.', NULL, 'Voluptate eum et scripta consequamur minus.', NULL, 'Quod si quidem non rebus, mihi gravis omnesciunt rerum inem habeat aut rerum.', '', NULL, NULL, '{"provider":"email","providers":["email"]}', '{"email_verified":true,"username":"Maribel-Lowe67465"}', NULL, '2026-03-24T10:48:40.092Z', '2026-03-24T10:48:40.092Z', NULL, NULL, '', '', NULL, DEFAULT, 0, NULL, DEFAULT, NULL, 'f', NULL, 'f'), ('00000000-0000-0000-0000-000000000000', 'fc164c49-dad6-5a8e-81ed-360794b8d0ca', 'authenticated', 'authenticated', 'caroline_roberts31137@email.com', '$2b$10$0Ns5shFkiB1bHr7njIOkiOB3HLH3HyKoxJT3jWbcSlzkZK.9ZuRIW', '2026-03-24T10:48:40.092Z', NULL, 'Per maximalit voluptatis quem laetit praetorum derum, causa quas illam expetenim scripta docti non.', NULL, 'Aspericit corporis qui quod sermo affluere voluna, quam persequantur ne his caret.', NULL, 'Audivole are sapientiam deorsusciper rationibus.', '', NULL, NULL, '{"provider":"email","providers":["email"]}', '{"email_verified":true,"username":"electric_innocence31137"}', NULL, '2026-03-24T10:48:40.092Z', '2026-03-24T10:48:40.092Z', NULL, NULL, '', '', NULL, DEFAULT, 0, NULL, DEFAULT, NULL, 'f', NULL, 'f'), ('00000000-0000-0000-0000-000000000000', 'be86742d-eda3-5cf1-879a-6bfc224c1871', 'authenticated', 'authenticated', 'letha.spinka97802@email.com', '$2b$10$0Ns5shFkiB1bHr7njIOkiOB3HLH3HyKoxJT3jWbcSlzkZK.9ZuRIW', '2026-03-24T10:48:40.092Z', NULL, 'A hostis a iam quem praetordation.', NULL, 'Insolidem se praesendi dixissimae bonum es.', NULL, 'Eo acest honorum est duxitia quam.', '', NULL, NULL, '{"provider":"email","providers":["email"]}', '{"email_verified":true,"username":"intent_hint97802"}', NULL, '2026-03-24T10:48:40.092Z', '2026-03-24T10:48:40.092Z', NULL, NULL, '', '', NULL, DEFAULT, 0, NULL, DEFAULT, NULL, 'f', NULL, 'f'), ('00000000-0000-0000-0000-000000000000', '0db7fbbd-8272-54b9-8a40-06c7499e4a7c', 'authenticated', 'authenticated', 'sedrick_abbott86881@email.com', '$2b$10$0Ns5shFkiB1bHr7njIOkiOB3HLH3HyKoxJT3jWbcSlzkZK.9ZuRIW', '2026-03-24T10:48:40.092Z', NULL, 'Tu debitatom ad omnino se fortitudin sed eius.', NULL, 'Libera ipse aegritudin nunc opint ipso igantur ignaviam.', NULL, 'Metu omnis omnisi exeam ad cupidque esse metustate, tum bonores et uti anda ea.', '', NULL, NULL, '{"provider":"email","providers":["email"]}', '{"email_verified":true,"username":"infatuated.crayon86881"}', NULL, '2026-03-24T10:48:40.092Z', '2026-03-24T10:48:40.092Z', NULL, NULL, '', '', NULL, DEFAULT, 0, NULL, DEFAULT, NULL, 'f', NULL, 'f'), ('00000000-0000-0000-0000-000000000000', 'f7d9ff77-77d5-53a1-b9a1-1643b83de594', 'authenticated', 'authenticated', 'alessandra.pollich31470@email.com', '$2b$10$0Ns5shFkiB1bHr7njIOkiOB3HLH3HyKoxJT3jWbcSlzkZK.9ZuRIW', '2026-03-24T10:48:40.092Z', NULL, 'Quisquam nullas quisquam bene iudicur.', NULL, 'Viveriter saepe quod ex tantum legerita estiae fastidium.', NULL, 'Non et laetitation in natum litter in laetam.', '', NULL, NULL, '{"provider":"email","providers":["email"]}', '{"email_verified":true,"username":"difficult_rank31470"}', NULL, '2026-03-24T10:48:40.092Z', '2026-03-24T10:48:40.092Z', NULL, NULL, '', '', NULL, DEFAULT, 0, NULL, DEFAULT, NULL, 'f', NULL, 'f'), ('00000000-0000-0000-0000-000000000000', 'aac0f0ed-ca53-5282-b36f-91e7d18d145c', 'authenticated', 'authenticated', 'gardner_shields51605@email.com', '$2b$10$0Ns5shFkiB1bHr7njIOkiOB3HLH3HyKoxJT3jWbcSlzkZK.9ZuRIW', '2026-03-24T10:48:40.092Z', NULL, 'Sit pluribus vos delectus pro, civibus recte se quociri maluis.', NULL, 'Expetendam fatendi hominitat sponte bonisti dicta vendiscorpor, cum desiderud reliquid quis est modus oporum.', NULL, 'Quod voluptas abo potestum ut.', '', NULL, NULL, '{"provider":"email","providers":["email"]}', '{"email_verified":true,"username":"laze-hazelnut51605"}', NULL, '2026-03-24T10:48:40.092Z', '2026-03-24T10:48:40.092Z', NULL, NULL, '', '', NULL, DEFAULT, 0, NULL, DEFAULT, NULL, 'f', NULL, 'f'), ('00000000-0000-0000-0000-000000000000', 'e40bb8e8-1a00-58c8-985e-443fc42db436', 'authenticated', 'authenticated', 'georgiana_champlin47918@email.com', '$2b$10$0Ns5shFkiB1bHr7njIOkiOB3HLH3HyKoxJT3jWbcSlzkZK.9ZuRIW', '2026-03-24T10:48:40.093Z', NULL, 'Nullo voluptatem qui ut bonorum.', NULL, 'Earum in epicitat det earum sed voluptat esse, num inquit successio aut plerique.', NULL, 'Malum delecto ita de nobisque sicinterea.', '', NULL, NULL, '{"provider":"email","providers":["email"]}', '{"email_verified":true,"username":"delayed_buckwheat47918"}', NULL, '2026-03-24T10:48:40.093Z', '2026-03-24T10:48:40.093Z', NULL, NULL, '', '', NULL, DEFAULT, 0, NULL, DEFAULT, NULL, 'f', NULL, 'f'), ('00000000-0000-0000-0000-000000000000', '3dcbaab4-1730-5796-9cfa-2435ded0c99b', 'authenticated', 'authenticated', 'chadd.steuber46279@email.com', '$2b$10$0Ns5shFkiB1bHr7njIOkiOB3HLH3HyKoxJT3jWbcSlzkZK.9ZuRIW', '2026-03-24T10:48:40.093Z', NULL, 'Sic civit itionest velita tum defentaeque, tuemur motum negent sic ocenimi cum.', NULL, 'Ut cupid ipsi praeterri quae.', NULL, 'Tantum voluptates maluisse hoc quam corporisque de, sed depulla non et haec summum.', '', NULL, NULL, '{"provider":"email","providers":["email"]}', '{"email_verified":true,"username":"Chadd-Steuber46279"}', NULL, '2026-03-24T10:48:40.093Z', '2026-03-24T10:48:40.093Z', NULL, NULL, '', '', NULL, DEFAULT, 0, NULL, DEFAULT, NULL, 'f', NULL, 'f'), ('00000000-0000-0000-0000-000000000000', 'aaa0c472-c765-52c5-a1b6-7022bc633ec7', 'authenticated', 'authenticated', 'willis_lockman27851@email.com', '$2b$10$0Ns5shFkiB1bHr7njIOkiOB3HLH3HyKoxJT3jWbcSlzkZK.9ZuRIW', '2026-03-24T10:48:40.093Z', NULL, 'Non negent regione autem quantum omnescius de convinceri.', NULL, 'Autem inmorte ex fieri ad tam eodem.', NULL, 'Natore nunc succum acundiae non inmensae solet in.', '', NULL, NULL, '{"provider":"email","providers":["email"]}', '{"email_verified":true,"username":"rejig-crawdad27851"}', NULL, '2026-03-24T10:48:40.093Z', '2026-03-24T10:48:40.093Z', NULL, NULL, '', '', NULL, DEFAULT, 0, NULL, DEFAULT, NULL, 'f', NULL, 'f');
INSERT INTO public.profiles (id,username,avatar_url,created_at) VALUES ('0f5d546a-dd80-5406-a005-a4f3061b9fb4', 'Bernice-Feeney45135', 'Es rerum mediocritud ruinae ea locum dis.', DEFAULT), ('5fef9e7c-116a-5504-a6ae-d16f4442d448', 'good.chive87734', 'Statuamurban mediocris liquid ut nos epicis ad iis.', DEFAULT), ('5ac46069-d153-5b50-a0be-8a017d379243', 'Dorothy-Crooks93088', 'As fieri esse vel quid nobis utriusque.', DEFAULT), ('5f2c632c-1003-5d3e-94f5-6085899aa359', 'Rupert.Ondricka43874', 'Avit inimiti et fore nosque quoniam nos natur, quaedam alia antibus ut quas ocritation finit veniaturnum.', DEFAULT), ('71c8f57c-aae5-5ac8-8fc0-a1ff399b17b8', 'Tre_Bins85200', 'Quid posse inis voluptas ultimum hoc pertur, necesto sequit exis escerte explicem.', DEFAULT), ('815c84a1-9088-5e6f-b1ab-0853285c0e5d', 'both-achiever56637', 'As sed libidit choro quoque.', DEFAULT), ('f14ee7a7-b3f9-561d-8cf7-983293f0008f', 'Ivah_Moen87060', 'Rerum legamorib es omnisi quae, esse pacto fuisse plane percipi modo natur eius.', DEFAULT), ('e4153ca5-d012-5995-bad4-086731587974', 'courageous_corduroy73605', 'Paene epicare distinax quam cum defen quod.', DEFAULT), ('8bb5337a-4ae8-5fe9-834c-d09e97c220b7', 'Keenan.Veum68734', 'Ad quodsi hoc neque corpore tanta dici, hunc latur ut maiorum quorum certe ut cerem.', DEFAULT), ('b36ab93a-34cf-5d2f-8309-1f65466da6f0', 'shiny_dancer92594', 'Et physici celertamen ilitura efficiat, romant delectatis exis et igionis.', DEFAULT), ('44315cac-0a3d-513e-ae25-923183abdce2', 'unknown_coproducer48079', 'Adest qui philostenta inem est idem at, sent causa nostris moda ex consecunt secuti.', DEFAULT), ('bc6c992f-6177-5b38-a99d-4c1f8bf2d0e3', 'informal.mangrove15365', 'Non dolorem exhortatem sed expetiuntque fugiens omisse fieri.', DEFAULT), ('5ca75a8e-3605-5166-aa74-4e2e2fc0beef', 'Ocie-Hane27', 'Non laetet cum quam de itis fructuosam, migrare quod legitur consecut ideros quae vocane ine.', DEFAULT), ('12b3f6e4-8e09-5767-b1ce-9d45589acea2', 'eye_rabbit82277', 'Conflixis quae et anime inasperfruiq musicistim a.', DEFAULT), ('461f046b-b8af-5c8e-95dd-0f9194531ecb', 'flex_spume64064', 'Faceris in inum aut quantus, epiciter vita in insipiendum quaproptercap fieri et frequendare.', DEFAULT), ('dce623ef-801d-54b0-a2df-9358c082e29e', 'Gardner-Lowe42244', 'Cogit est quem exmulto solumbram defut.', DEFAULT), ('82d62e5d-3a42-5fcc-8eba-42d842fea91a', 'powder_chaos74241', 'Afficiatur vivam cogitatur causa praeserudin loqui currunt directis, il ere sapiendam et lineamque quibus ant.', DEFAULT), ('4906cefc-1eec-5209-9bcc-28e8cf7c862a', 'rant.hand80071', 'Mutat am solid bonare en desid non efficerta, et fructu inest clariora semperciper.', DEFAULT), ('c9ea0237-6687-557a-b9a6-7641ce93392e', 'space.territory53339', 'Odio in cum quae hones.', DEFAULT), ('698b6e50-7060-5752-b30f-c3c5d2ee3400', 'Luisa-Reichert63179', 'Faciturus aut de voluptate est moles quo, dissensibi bonore et dicitas sit am possit milittamur.', DEFAULT), ('f50300db-d620-587a-a6c0-46d7f9ace912', 'Dino_Rempel81191', 'Et copulum qui malum idua hoc.', DEFAULT), ('05eee4fe-379a-5426-9023-edc77e045168', 'overwhelm.destruction90997', 'Quo variis cupiditer aut complexione expectatum.', DEFAULT), ('3b2bfa08-09d7-5968-a3d8-4fe62753f511', 'cheerful-flute92192', 'Us naturus animus dido legat quae perii ea, pulcherrimiq doloram quae maxim es omni sedendum ere.', DEFAULT), ('a866962c-13a6-52c8-965b-d859c0325cb5', 'accumulate_silica48768', 'Cum quem idque gessis quaeque ex nec modum.', DEFAULT), ('6f72baed-b6f1-5fb7-a370-fb32611b758b', 'summarize.hotdog63104', 'Sus ut adoporib eo discorrecte uto etsi, omnis honest mihi videt rationem soleat.', DEFAULT), ('f7030727-d86e-5990-9431-89c9c43ffd21', 'legitimise.south84232', 'Num iucunum e si autem gaudem, conclusae cum repudinter quidem loca.', DEFAULT), ('94176c1d-3b0c-555f-8cf3-91d3e7f54660', 'block.marxism18391', 'Nobissimam as inerri reprehentum unum antiquis, maximuro mat quod sua theseo.', DEFAULT), ('e24cab33-3c50-58d1-b03b-7255d026525f', 'package-counsel61585', 'Sicin nam iudicullo de autem praesenimpor deterremis, loque ob quae amicita dicangore.', DEFAULT), ('2a7be9d0-8baf-50e6-b6f4-18e809a3a13b', 'silence_siding52009', 'Rebusdam fore quibus opharum spernatur, aequitatur placebit esse omnia sensibus defenimis.', DEFAULT), ('c9891bab-01c0-5c96-a59b-698c3e42ee76', 'innovate-dearest42325', 'Id arensiones et tum discenses.', DEFAULT), ('3677d7c5-e817-50dc-8fe7-96875868f5fe', 'Patience_Marks29725', 'Quae nec honesse se quod credo hoc.', DEFAULT), ('aa7a01ba-9a20-5916-a645-dcf87c96bee8', 'incorporate_grasp89011', 'Exis propterem is int libere confortitud numquam, sic reret aliquam haec domindignius detractis ens honest.', DEFAULT), ('c2f80e87-ed19-572f-8adb-3b8b5c6323b5', 'regale-gigantism59769', 'Nis rebus ne epicural are nusquam.', DEFAULT), ('a0154674-b054-5c21-b898-40d22fa3003d', 'Ulises_Oberbrunner36358', 'Aut fortunt quam depulum us velita modo multa.', DEFAULT), ('6b0fa178-00ff-552f-bbe4-e58bf12db321', 'Savanah_Terry89603', 'Affectum maiestatem ut videre ut, vult patiatura quod omnesciunt et vero vestra aut.', DEFAULT), ('9d460269-df83-57bd-a515-4a5d49cc589f', 'Bethany_Armstrong76386', 'Iderrem sapiendi etur nostri idium ad hominquit, sunt hoc volunt es privat est fieri sedent.', DEFAULT), ('c64abb79-d7ad-588f-baed-dba88fb7365c', 'Adele_Luettgen11997', 'Tantas et ipsa feceriuste ilest ut, es iucuntiaret et paene in.', DEFAULT), ('2a673d00-20b6-5c6c-901e-cee3d829089b', 'Richmond-Murazik59893', 'Vituptatem ipsa recordation eo obliquid corrigeriet.', DEFAULT), ('7deb6d46-931a-5fde-8217-398c134e7c57', 'oily.significance79118', 'Mi triari multo et qui ad enim gravis.', DEFAULT), ('e1fae05f-f68c-5998-bd21-71a9904ac383', 'indelible_ziggurat44937', 'Secutus cibo ea pectantis expedire voluptate, carum pediri ne affectus profecori regione qui.', DEFAULT), ('ccdc1502-7a54-5584-94ef-46b4378648e5', 'advance_bumper23949', 'Voluptate enimis inantiamque ut e primis ane explicare.', DEFAULT), ('b50d8149-9d51-599c-af52-9ae1aa08decb', 'Lloyd_Hilpert31176', 'Im sublatur vero dolore non abilita motum, posse tum conteneamus si homint nos.', DEFAULT), ('1b41ea89-57ab-58df-9e2e-db78e9d3b085', 'discourse-morsel51636', 'Mandarum epicia quam graecis accessionem.', DEFAULT), ('00ce06d9-8cd0-5ba9-a805-8df9498a85b6', 'furlough.mineshaft86674', 'Praeterea atem guber ut exis nomintegre, hoc illam diligiter fieri malartempor et.', DEFAULT), ('1bec2cb9-26e2-5649-a3d1-3758007807ab', 'compound_chrome75811', 'Verendum voluptate privendisput quanta esse.', DEFAULT), ('c8de0e17-551d-5e77-b00c-8716d7cade1f', 'broadcast.scarecrow41736', 'Philos dissentiendo abduci inem putatione ex maximosop, tibi in voluptati primis feram ceri numquam est.', DEFAULT), ('53ca15fa-2a72-5e82-bc89-999d2e699fc2', 'Garland.Dickinson49642', 'Exis maxim expedire fore confidet tum alliciat in, insipiendus hoc ut haberuis desid.', DEFAULT), ('77cb416f-5991-50bb-86b1-7a7cee5b0e2b', 'rehear.masonry10534', 'Alique nam utus eum ad accessio ut, in are latintelleg momendam autem ent quod conciliant.', DEFAULT), ('a04271d6-d6c7-5984-af71-7b82998bc960', 'ruminate_problem10029', 'Falli ilem delecticar etur ultimum cum quorum audiverit.', DEFAULT), ('7c59f640-9c17-52df-b8e6-924c507dbd93', 'vengeful_kitty28984', 'Nec inquam simos omnium non ut est in.', DEFAULT), ('95e9e489-e32a-5bf9-8fcf-918b9fd3a587', 'Aditya.Wehner70639', 'Inpotiuste uto honestias cura tribus rebus nos ultime, sit hominas orum voluptate metu per nudus non.', DEFAULT), ('b0f3ab01-f238-58f7-844f-6cec972c75e6', 'Maribel-Lowe67465', 'Ultimero conquirerga pertincto si debito deteria et.', DEFAULT), ('fc164c49-dad6-5a8e-81ed-360794b8d0ca', 'electric_innocence31137', 'Et horreant hoc semperante inut autem chrysippi corrupte.', DEFAULT), ('be86742d-eda3-5cf1-879a-6bfc224c1871', 'intent_hint97802', 'Ceperatem viam dissero defendamus quoddam id ipsa dubitasper.', DEFAULT), ('0db7fbbd-8272-54b9-8a40-06c7499e4a7c', 'infatuated.crayon86881', 'Ad requietis endi oblivionis moles quibusdam maxim omi.', DEFAULT), ('f7d9ff77-77d5-53a1-b9a1-1643b83de594', 'difficult_rank31470', 'Molestiae us perinquit id dolorem, nasci expeccandi viam hones de.', DEFAULT), ('aac0f0ed-ca53-5282-b36f-91e7d18d145c', 'laze-hazelnut51605', 'Expectantam dedecce aut inflammater in ipsi, in affecisti tranquillitia dolorteras qui exeamque praeclaram.', DEFAULT), ('e40bb8e8-1a00-58c8-985e-443fc42db436', 'delayed_buckwheat47918', 'Legenta aliquaque est vult iucuniae nominprobam, videt horridendae et estiae corpore quae ant de.', DEFAULT), ('3dcbaab4-1730-5796-9cfa-2435ded0c99b', 'Chadd-Steuber46279', 'Est verbi quas offenditat si, proterandum antur sum requietis omnes aliquarum.', DEFAULT), ('aaa0c472-c765-52c5-a1b6-7022bc633ec7', 'rejig-crawdad27851', 'Exim corruptissim nos possine abil magna dolore dem.', DEFAULT);
INSERT INTO public.unions (id,name,created_at,creator_id) VALUES ('143276b7-6f56-5bcb-a843-5d0c7d61d380', 'Creative Growers Circle', DEFAULT, NULL), ('0da9fc58-2af3-5be7-be2f-4119d9384337', 'Night Owl Developers Hub', DEFAULT, NULL), ('af27c99b-654c-59a0-b77c-06b841517065', 'Night Owl Developers Hub', DEFAULT, NULL), ('15875833-c628-5ae5-bd16-44f96466e5bc', 'Night Owl Developers Hub', DEFAULT, NULL), ('8d5b6a6c-0524-58b5-b921-d59b2483c2d2', 'Urban Gamers League', DEFAULT, NULL), ('60ff3161-db4b-5c61-9c49-1e4f3d58316f', 'Creative Runners Collective', DEFAULT, NULL), ('3a7033bf-ec8b-53f4-bfe8-91308fe941ba', 'Global Coffee Enthusiasts', DEFAULT, NULL), ('aa293d03-a9ff-5c28-9a05-0c0566d9cf3c', 'Mountain Writers Forum', DEFAULT, NULL), ('a355efd3-cbd6-5018-8fb1-feff4428ea1b', 'Night Owl Gamers League', DEFAULT, NULL), ('4d081ebc-56c1-5d0c-96d0-3febc113f3de', 'Global Developers Hub', DEFAULT, NULL), ('130a6a1e-7bef-52b4-82be-124984269e7a', 'Local Coffee Enthusiasts', DEFAULT, NULL), ('3436f5e3-04b4-5a0d-9a05-04e69814363b', 'Night Owl Writers Forum', DEFAULT, NULL), ('d77799ea-51b5-50e2-8665-e7055c747c9b', 'Creative Writers Forum', DEFAULT, NULL), ('a50e5096-557e-5bed-beff-ce7a11e9e7c5', 'Open Source Runners Collective', DEFAULT, NULL), ('dbf635af-104b-5d86-ba2f-7a5c5a2d30c9', 'Open Source Runners Collective', DEFAULT, NULL), ('cca20a5f-e99c-5f19-9e22-5c14c96b90c8', 'Digital Gamers League', DEFAULT, NULL), ('983922c0-860e-5e5e-8bef-a245a99d447c', 'Open Source Readers Society', DEFAULT, NULL), ('e581bc2b-fdd3-5585-b012-c561b026a292', 'Creative Readers Society', DEFAULT, NULL), ('3667db10-0501-59b8-bf47-b9cff6f96104', 'Global Runners Collective', DEFAULT, NULL), ('57a1d39d-4a38-5056-9f77-5e984cc7c04c', 'Global Coffee Enthusiasts', DEFAULT, NULL), ('9d0fcb09-4793-59b2-938c-a6211ea07f1b', 'Coastal Runners Collective', DEFAULT, NULL), ('b1d23a6a-4070-53f6-a28a-3db087a6c03e', 'Digital Runners Collective', DEFAULT, NULL), ('7ae1385f-6c01-5184-8282-e34cf5492a87', 'Mountain Makers Guild', DEFAULT, NULL), ('af4648e0-022c-5817-b5e1-78f2f8cf8d4e', 'Global Readers Society', DEFAULT, NULL), ('27ddcfdd-0919-5f74-9266-4d08b3ccd4a8', 'Mountain Gamers League', DEFAULT, NULL), ('378e4176-02b4-51a2-8549-9c19aebb7eae', 'Mountain Developers Hub', DEFAULT, NULL), ('51aafaec-43f0-52ae-8596-434569aa274b', 'Open Source Makers Guild', DEFAULT, NULL), ('a4577822-c364-516c-9ee2-22d56f9500f6', 'Digital Developers Hub', DEFAULT, NULL), ('7c5a3cb4-4bd6-5f26-9553-8c4905d86b29', 'Open Source Writers Forum', DEFAULT, NULL), ('b1f427e8-abdc-5e0a-8b88-40baf2e38d72', 'Weekend Growers Circle', DEFAULT, NULL);
INSERT INTO public.union_members (union_id,user_id,joined_at) VALUES ('a355efd3-cbd6-5018-8fb1-feff4428ea1b', '12b3f6e4-8e09-5767-b1ce-9d45589acea2', DEFAULT), ('4d081ebc-56c1-5d0c-96d0-3febc113f3de', '7deb6d46-931a-5fde-8217-398c134e7c57', DEFAULT), ('983922c0-860e-5e5e-8bef-a245a99d447c', 'bc6c992f-6177-5b38-a99d-4c1f8bf2d0e3', DEFAULT), ('3a7033bf-ec8b-53f4-bfe8-91308fe941ba', '2a673d00-20b6-5c6c-901e-cee3d829089b', DEFAULT), ('dbf635af-104b-5d86-ba2f-7a5c5a2d30c9', '6b0fa178-00ff-552f-bbe4-e58bf12db321', DEFAULT), ('8d5b6a6c-0524-58b5-b921-d59b2483c2d2', '1bec2cb9-26e2-5649-a3d1-3758007807ab', DEFAULT), ('130a6a1e-7bef-52b4-82be-124984269e7a', 'c9ea0237-6687-557a-b9a6-7641ce93392e', DEFAULT), ('3a7033bf-ec8b-53f4-bfe8-91308fe941ba', 'c9ea0237-6687-557a-b9a6-7641ce93392e', DEFAULT), ('9d0fcb09-4793-59b2-938c-a6211ea07f1b', '698b6e50-7060-5752-b30f-c3c5d2ee3400', DEFAULT), ('3667db10-0501-59b8-bf47-b9cff6f96104', '5f2c632c-1003-5d3e-94f5-6085899aa359', DEFAULT), ('3436f5e3-04b4-5a0d-9a05-04e69814363b', '1b41ea89-57ab-58df-9e2e-db78e9d3b085', DEFAULT), ('af27c99b-654c-59a0-b77c-06b841517065', 'fc164c49-dad6-5a8e-81ed-360794b8d0ca', DEFAULT), ('d77799ea-51b5-50e2-8665-e7055c747c9b', '9d460269-df83-57bd-a515-4a5d49cc589f', DEFAULT), ('d77799ea-51b5-50e2-8665-e7055c747c9b', '12b3f6e4-8e09-5767-b1ce-9d45589acea2', DEFAULT), ('143276b7-6f56-5bcb-a843-5d0c7d61d380', 'f7030727-d86e-5990-9431-89c9c43ffd21', DEFAULT), ('57a1d39d-4a38-5056-9f77-5e984cc7c04c', '82d62e5d-3a42-5fcc-8eba-42d842fea91a', DEFAULT), ('3667db10-0501-59b8-bf47-b9cff6f96104', '0db7fbbd-8272-54b9-8a40-06c7499e4a7c', DEFAULT), ('e581bc2b-fdd3-5585-b012-c561b026a292', '6b0fa178-00ff-552f-bbe4-e58bf12db321', DEFAULT), ('60ff3161-db4b-5c61-9c49-1e4f3d58316f', '698b6e50-7060-5752-b30f-c3c5d2ee3400', DEFAULT), ('57a1d39d-4a38-5056-9f77-5e984cc7c04c', '0f5d546a-dd80-5406-a005-a4f3061b9fb4', DEFAULT), ('af4648e0-022c-5817-b5e1-78f2f8cf8d4e', '9d460269-df83-57bd-a515-4a5d49cc589f', DEFAULT), ('983922c0-860e-5e5e-8bef-a245a99d447c', 'c9ea0237-6687-557a-b9a6-7641ce93392e', DEFAULT), ('0da9fc58-2af3-5be7-be2f-4119d9384337', 'e40bb8e8-1a00-58c8-985e-443fc42db436', DEFAULT), ('a355efd3-cbd6-5018-8fb1-feff4428ea1b', '7c59f640-9c17-52df-b8e6-924c507dbd93', DEFAULT), ('8d5b6a6c-0524-58b5-b921-d59b2483c2d2', '0f5d546a-dd80-5406-a005-a4f3061b9fb4', DEFAULT), ('15875833-c628-5ae5-bd16-44f96466e5bc', 'e40bb8e8-1a00-58c8-985e-443fc42db436', DEFAULT), ('57a1d39d-4a38-5056-9f77-5e984cc7c04c', 'c9891bab-01c0-5c96-a59b-698c3e42ee76', DEFAULT), ('51aafaec-43f0-52ae-8596-434569aa274b', '71c8f57c-aae5-5ac8-8fc0-a1ff399b17b8', DEFAULT), ('af27c99b-654c-59a0-b77c-06b841517065', 'e40bb8e8-1a00-58c8-985e-443fc42db436', DEFAULT), ('27ddcfdd-0919-5f74-9266-4d08b3ccd4a8', '815c84a1-9088-5e6f-b1ab-0853285c0e5d', DEFAULT), ('130a6a1e-7bef-52b4-82be-124984269e7a', 'fc164c49-dad6-5a8e-81ed-360794b8d0ca', DEFAULT), ('b1d23a6a-4070-53f6-a28a-3db087a6c03e', '71c8f57c-aae5-5ac8-8fc0-a1ff399b17b8', DEFAULT), ('0da9fc58-2af3-5be7-be2f-4119d9384337', 'ccdc1502-7a54-5584-94ef-46b4378648e5', DEFAULT), ('15875833-c628-5ae5-bd16-44f96466e5bc', '82d62e5d-3a42-5fcc-8eba-42d842fea91a', DEFAULT), ('3667db10-0501-59b8-bf47-b9cff6f96104', 'aac0f0ed-ca53-5282-b36f-91e7d18d145c', DEFAULT), ('60ff3161-db4b-5c61-9c49-1e4f3d58316f', '6b0fa178-00ff-552f-bbe4-e58bf12db321', DEFAULT), ('983922c0-860e-5e5e-8bef-a245a99d447c', '5ca75a8e-3605-5166-aa74-4e2e2fc0beef', DEFAULT), ('15875833-c628-5ae5-bd16-44f96466e5bc', 'b36ab93a-34cf-5d2f-8309-1f65466da6f0', DEFAULT), ('aa293d03-a9ff-5c28-9a05-0c0566d9cf3c', '1bec2cb9-26e2-5649-a3d1-3758007807ab', DEFAULT), ('e581bc2b-fdd3-5585-b012-c561b026a292', '82d62e5d-3a42-5fcc-8eba-42d842fea91a', DEFAULT), ('d77799ea-51b5-50e2-8665-e7055c747c9b', '5ca75a8e-3605-5166-aa74-4e2e2fc0beef', DEFAULT), ('3436f5e3-04b4-5a0d-9a05-04e69814363b', 'f50300db-d620-587a-a6c0-46d7f9ace912', DEFAULT), ('a50e5096-557e-5bed-beff-ce7a11e9e7c5', 'ccdc1502-7a54-5584-94ef-46b4378648e5', DEFAULT), ('e581bc2b-fdd3-5585-b012-c561b026a292', '5fef9e7c-116a-5504-a6ae-d16f4442d448', DEFAULT), ('e581bc2b-fdd3-5585-b012-c561b026a292', '5f2c632c-1003-5d3e-94f5-6085899aa359', DEFAULT), ('143276b7-6f56-5bcb-a843-5d0c7d61d380', '4906cefc-1eec-5209-9bcc-28e8cf7c862a', DEFAULT), ('27ddcfdd-0919-5f74-9266-4d08b3ccd4a8', 'e4153ca5-d012-5995-bad4-086731587974', DEFAULT), ('b1f427e8-abdc-5e0a-8b88-40baf2e38d72', '95e9e489-e32a-5bf9-8fcf-918b9fd3a587', DEFAULT), ('b1f427e8-abdc-5e0a-8b88-40baf2e38d72', 'aaa0c472-c765-52c5-a1b6-7022bc633ec7', DEFAULT), ('3667db10-0501-59b8-bf47-b9cff6f96104', '698b6e50-7060-5752-b30f-c3c5d2ee3400', DEFAULT), ('d77799ea-51b5-50e2-8665-e7055c747c9b', 'dce623ef-801d-54b0-a2df-9358c082e29e', DEFAULT), ('cca20a5f-e99c-5f19-9e22-5c14c96b90c8', '53ca15fa-2a72-5e82-bc89-999d2e699fc2', DEFAULT), ('130a6a1e-7bef-52b4-82be-124984269e7a', '71c8f57c-aae5-5ac8-8fc0-a1ff399b17b8', DEFAULT), ('130a6a1e-7bef-52b4-82be-124984269e7a', '4906cefc-1eec-5209-9bcc-28e8cf7c862a', DEFAULT), ('d77799ea-51b5-50e2-8665-e7055c747c9b', '6f72baed-b6f1-5fb7-a370-fb32611b758b', DEFAULT), ('7c5a3cb4-4bd6-5f26-9553-8c4905d86b29', '698b6e50-7060-5752-b30f-c3c5d2ee3400', DEFAULT), ('378e4176-02b4-51a2-8549-9c19aebb7eae', '2a7be9d0-8baf-50e6-b6f4-18e809a3a13b', DEFAULT), ('cca20a5f-e99c-5f19-9e22-5c14c96b90c8', '7c59f640-9c17-52df-b8e6-924c507dbd93', DEFAULT), ('57a1d39d-4a38-5056-9f77-5e984cc7c04c', '815c84a1-9088-5e6f-b1ab-0853285c0e5d', DEFAULT), ('983922c0-860e-5e5e-8bef-a245a99d447c', '461f046b-b8af-5c8e-95dd-0f9194531ecb', DEFAULT);
INSERT INTO public.messages (id,content,created_at,union_id,user_id,media_url,type) VALUES ('31f0ce32-b531-5a5b-80bc-9046b68dce05', 'Message #1', '2025-01-01T00:00:00.000Z', 'a355efd3-cbd6-5018-8fb1-feff4428ea1b', '12b3f6e4-8e09-5767-b1ce-9d45589acea2', NULL, 'message'), ('2ec578d0-a904-5dc2-b308-d2371ed8fc3e', 'Message #2', '2025-01-01T00:01:00.000Z', '4d081ebc-56c1-5d0c-96d0-3febc113f3de', '7deb6d46-931a-5fde-8217-398c134e7c57', NULL, 'message'), ('332ebac1-f2bd-5a26-9db9-94e01f2597fa', 'Message #3', '2025-01-01T00:02:00.000Z', '983922c0-860e-5e5e-8bef-a245a99d447c', 'bc6c992f-6177-5b38-a99d-4c1f8bf2d0e3', NULL, 'message'), ('6684202c-be7b-5db9-9418-315616e5889a', 'Message #4', '2025-01-01T00:03:00.000Z', '3a7033bf-ec8b-53f4-bfe8-91308fe941ba', '2a673d00-20b6-5c6c-901e-cee3d829089b', NULL, 'message'), ('1a06c0c3-961a-58b4-836f-12d5f589d6ad', 'Message #5', '2025-01-01T00:04:00.000Z', 'dbf635af-104b-5d86-ba2f-7a5c5a2d30c9', '6b0fa178-00ff-552f-bbe4-e58bf12db321', NULL, 'message'), ('5c3808df-76a9-53a3-8712-88a89fe0206c', 'Message #6', '2025-01-01T00:05:00.000Z', '8d5b6a6c-0524-58b5-b921-d59b2483c2d2', '1bec2cb9-26e2-5649-a3d1-3758007807ab', NULL, 'message'), ('eeff417f-e0ad-5b6e-aa59-ff54a18ce085', 'Message #7', '2025-01-01T00:06:00.000Z', '130a6a1e-7bef-52b4-82be-124984269e7a', 'c9ea0237-6687-557a-b9a6-7641ce93392e', NULL, 'message'), ('c20da07e-ec9b-5638-a178-cedb1a988dbf', 'Message #8', '2025-01-01T00:07:00.000Z', '3a7033bf-ec8b-53f4-bfe8-91308fe941ba', 'c9ea0237-6687-557a-b9a6-7641ce93392e', NULL, 'message'), ('e042ed4d-ff9f-54a0-846e-d20ec444f411', 'Message #9', '2025-01-01T00:08:00.000Z', '9d0fcb09-4793-59b2-938c-a6211ea07f1b', '698b6e50-7060-5752-b30f-c3c5d2ee3400', NULL, 'message'), ('8f04b360-5e9a-5cd4-88d7-730a8af83bd4', 'Message #10', '2025-01-01T00:09:00.000Z', '3667db10-0501-59b8-bf47-b9cff6f96104', '5f2c632c-1003-5d3e-94f5-6085899aa359', NULL, 'message'), ('ecd11c76-b921-59bc-81d8-cb3b14e04f99', 'Message #11', '2025-01-01T00:10:00.000Z', '3436f5e3-04b4-5a0d-9a05-04e69814363b', '1b41ea89-57ab-58df-9e2e-db78e9d3b085', NULL, 'message'), ('2344ddd7-bc5c-5a21-afa9-789f958e9341', 'Message #12', '2025-01-01T00:11:00.000Z', 'af27c99b-654c-59a0-b77c-06b841517065', 'fc164c49-dad6-5a8e-81ed-360794b8d0ca', NULL, 'message'), ('c584fec0-14b8-51e3-9e5c-d1526a5d71ca', 'Message #13', '2025-01-01T00:12:00.000Z', 'd77799ea-51b5-50e2-8665-e7055c747c9b', '9d460269-df83-57bd-a515-4a5d49cc589f', NULL, 'message'), ('d4d4dd50-8ba1-55bd-903d-c2daf5254615', 'Message #14', '2025-01-01T00:13:00.000Z', 'd77799ea-51b5-50e2-8665-e7055c747c9b', '12b3f6e4-8e09-5767-b1ce-9d45589acea2', NULL, 'message'), ('8d43ef63-3f3e-56ec-9c10-2a593827b43e', 'Message #15', '2025-01-01T00:14:00.000Z', '143276b7-6f56-5bcb-a843-5d0c7d61d380', 'f7030727-d86e-5990-9431-89c9c43ffd21', NULL, 'message'), ('a67224cc-ce80-57ea-be22-d15f6405d811', 'Message #16', '2025-01-01T00:15:00.000Z', '57a1d39d-4a38-5056-9f77-5e984cc7c04c', '82d62e5d-3a42-5fcc-8eba-42d842fea91a', NULL, 'message'), ('fcc8c761-6e91-5f3b-bfd0-12218533e9db', 'Message #17', '2025-01-01T00:16:00.000Z', '3667db10-0501-59b8-bf47-b9cff6f96104', '0db7fbbd-8272-54b9-8a40-06c7499e4a7c', NULL, 'message'), ('37ea2060-e07b-5cd3-81ec-85c2e853c986', 'Message #18', '2025-01-01T00:17:00.000Z', 'e581bc2b-fdd3-5585-b012-c561b026a292', '6b0fa178-00ff-552f-bbe4-e58bf12db321', NULL, 'message'), ('2436df67-b780-57e5-b779-234fc6a0e213', 'Message #19', '2025-01-01T00:18:00.000Z', '60ff3161-db4b-5c61-9c49-1e4f3d58316f', '698b6e50-7060-5752-b30f-c3c5d2ee3400', NULL, 'message'), ('7ad67af6-d053-513a-896a-1a2929c82b6f', 'Message #20', '2025-01-01T00:19:00.000Z', '57a1d39d-4a38-5056-9f77-5e984cc7c04c', '0f5d546a-dd80-5406-a005-a4f3061b9fb4', NULL, 'message'), ('04c296c6-c95e-5afc-bcad-6ace7881af42', 'Message #21', '2025-01-01T00:20:00.000Z', 'af4648e0-022c-5817-b5e1-78f2f8cf8d4e', '9d460269-df83-57bd-a515-4a5d49cc589f', NULL, 'message'), ('5a5b7a46-4cd6-5dca-b329-375dee152200', 'Message #22', '2025-01-01T00:21:00.000Z', '983922c0-860e-5e5e-8bef-a245a99d447c', 'c9ea0237-6687-557a-b9a6-7641ce93392e', NULL, 'message'), ('e17414ae-e3ca-569f-b77f-b9635a47bcf0', 'Message #23', '2025-01-01T00:22:00.000Z', '0da9fc58-2af3-5be7-be2f-4119d9384337', 'e40bb8e8-1a00-58c8-985e-443fc42db436', NULL, 'message'), ('f0f240c9-c7b2-55b2-af8f-480c587a1f74', 'Message #24', '2025-01-01T00:23:00.000Z', 'a355efd3-cbd6-5018-8fb1-feff4428ea1b', '7c59f640-9c17-52df-b8e6-924c507dbd93', NULL, 'message'), ('2228aec3-e272-58a0-80f0-ce1f541cbc02', 'Message #25', '2025-01-01T00:24:00.000Z', '8d5b6a6c-0524-58b5-b921-d59b2483c2d2', '0f5d546a-dd80-5406-a005-a4f3061b9fb4', NULL, 'message'), ('7cb9b2bc-36a4-5ff6-bd26-38c5fcf61dd2', 'Message #26', '2025-01-01T00:25:00.000Z', '15875833-c628-5ae5-bd16-44f96466e5bc', 'e40bb8e8-1a00-58c8-985e-443fc42db436', NULL, 'message'), ('3b61f453-f005-567b-bdb3-3d34525f497b', 'Message #27', '2025-01-01T00:26:00.000Z', '57a1d39d-4a38-5056-9f77-5e984cc7c04c', 'c9891bab-01c0-5c96-a59b-698c3e42ee76', NULL, 'message'), ('6c4c1feb-6b46-5e1e-b5bf-ec6518bb14e5', 'Message #28', '2025-01-01T00:27:00.000Z', '51aafaec-43f0-52ae-8596-434569aa274b', '71c8f57c-aae5-5ac8-8fc0-a1ff399b17b8', NULL, 'message'), ('4059c3c6-9214-5278-bb09-70ed9c37fc78', 'Message #29', '2025-01-01T00:28:00.000Z', 'af27c99b-654c-59a0-b77c-06b841517065', 'e40bb8e8-1a00-58c8-985e-443fc42db436', NULL, 'message'), ('e2a31fbb-18fe-55f0-a2be-0e7bc52ce092', 'Message #30', '2025-01-01T00:29:00.000Z', '27ddcfdd-0919-5f74-9266-4d08b3ccd4a8', '815c84a1-9088-5e6f-b1ab-0853285c0e5d', NULL, 'message'), ('397ed992-f5fe-55b9-92bf-69bb2ab521f7', 'Message #31', '2025-01-01T00:30:00.000Z', '130a6a1e-7bef-52b4-82be-124984269e7a', 'fc164c49-dad6-5a8e-81ed-360794b8d0ca', NULL, 'message'), ('7bf5c83f-e85e-5942-8a75-62a4acfaf02d', 'Message #32', '2025-01-01T00:31:00.000Z', 'b1d23a6a-4070-53f6-a28a-3db087a6c03e', '71c8f57c-aae5-5ac8-8fc0-a1ff399b17b8', NULL, 'message'), ('f4789f09-1f78-5bd2-bb29-b3af9ba11cee', 'Message #33', '2025-01-01T00:32:00.000Z', '0da9fc58-2af3-5be7-be2f-4119d9384337', 'ccdc1502-7a54-5584-94ef-46b4378648e5', NULL, 'message'), ('23203dbc-b452-5f12-abba-3b214c023201', 'Message #34', '2025-01-01T00:33:00.000Z', '15875833-c628-5ae5-bd16-44f96466e5bc', '82d62e5d-3a42-5fcc-8eba-42d842fea91a', NULL, 'message'), ('c579636c-9b7b-5ab2-8f65-4581920f2ab7', 'Message #35', '2025-01-01T00:34:00.000Z', '3667db10-0501-59b8-bf47-b9cff6f96104', 'aac0f0ed-ca53-5282-b36f-91e7d18d145c', NULL, 'message'), ('daa8b1c9-10d4-5ab3-beb5-c5e27bacb3d4', 'Message #36', '2025-01-01T00:35:00.000Z', '60ff3161-db4b-5c61-9c49-1e4f3d58316f', '6b0fa178-00ff-552f-bbe4-e58bf12db321', NULL, 'message'), ('75f87969-5672-51a0-89c8-8761471fc1ca', 'Message #37', '2025-01-01T00:36:00.000Z', '983922c0-860e-5e5e-8bef-a245a99d447c', '5ca75a8e-3605-5166-aa74-4e2e2fc0beef', NULL, 'message'), ('08daa095-0a70-548d-b153-c71eca5b089a', 'Message #38', '2025-01-01T00:37:00.000Z', '15875833-c628-5ae5-bd16-44f96466e5bc', 'b36ab93a-34cf-5d2f-8309-1f65466da6f0', NULL, 'message'), ('e6bb040b-5594-5e33-9cf4-ab8105fddf96', 'Message #39', '2025-01-01T00:38:00.000Z', 'aa293d03-a9ff-5c28-9a05-0c0566d9cf3c', '1bec2cb9-26e2-5649-a3d1-3758007807ab', NULL, 'message'), ('dbb5e743-6ae1-52b3-a3b6-35d6be371c3f', 'Message #40', '2025-01-01T00:39:00.000Z', 'e581bc2b-fdd3-5585-b012-c561b026a292', '82d62e5d-3a42-5fcc-8eba-42d842fea91a', NULL, 'message'), ('424b70a7-e107-56e8-a036-5b25eed1d5af', 'Message #41', '2025-01-01T00:40:00.000Z', 'd77799ea-51b5-50e2-8665-e7055c747c9b', '5ca75a8e-3605-5166-aa74-4e2e2fc0beef', NULL, 'message'), ('978ab67e-60b2-5433-8f24-6abf4309f8ed', 'Message #42', '2025-01-01T00:41:00.000Z', '3436f5e3-04b4-5a0d-9a05-04e69814363b', 'f50300db-d620-587a-a6c0-46d7f9ace912', NULL, 'message'), ('c91f36c5-07e1-5121-8662-f9effad939fc', 'Message #43', '2025-01-01T00:42:00.000Z', 'a50e5096-557e-5bed-beff-ce7a11e9e7c5', 'ccdc1502-7a54-5584-94ef-46b4378648e5', NULL, 'message'), ('bf7e98ce-3303-5966-9c58-7172d0dde274', 'Message #44', '2025-01-01T00:43:00.000Z', 'e581bc2b-fdd3-5585-b012-c561b026a292', '5fef9e7c-116a-5504-a6ae-d16f4442d448', NULL, 'message'), ('a488e2fd-bd15-5294-b440-9b37881e9d9f', 'Message #45', '2025-01-01T00:44:00.000Z', 'e581bc2b-fdd3-5585-b012-c561b026a292', '5f2c632c-1003-5d3e-94f5-6085899aa359', NULL, 'message'), ('d2b9b954-28e7-518d-96cb-8d261ec6a4a5', 'Message #46', '2025-01-01T00:45:00.000Z', '143276b7-6f56-5bcb-a843-5d0c7d61d380', '4906cefc-1eec-5209-9bcc-28e8cf7c862a', NULL, 'message'), ('7636de8e-8d79-5803-8a4a-e5b6cdd8397d', 'Message #47', '2025-01-01T00:46:00.000Z', '27ddcfdd-0919-5f74-9266-4d08b3ccd4a8', 'e4153ca5-d012-5995-bad4-086731587974', NULL, 'message'), ('8e4bdab4-8b3a-506a-9743-b053807bf1f4', 'Message #48', '2025-01-01T00:47:00.000Z', 'b1f427e8-abdc-5e0a-8b88-40baf2e38d72', '95e9e489-e32a-5bf9-8fcf-918b9fd3a587', NULL, 'message'), ('e8562715-b34a-5276-ad66-ecbc382d1986', 'Message #49', '2025-01-01T00:48:00.000Z', 'b1f427e8-abdc-5e0a-8b88-40baf2e38d72', 'aaa0c472-c765-52c5-a1b6-7022bc633ec7', NULL, 'message'), ('b003c1ed-5360-5af9-9c58-ceb2f8a6a1b0', 'Message #50', '2025-01-01T00:49:00.000Z', '3667db10-0501-59b8-bf47-b9cff6f96104', '698b6e50-7060-5752-b30f-c3c5d2ee3400', NULL, 'message'), ('f07075f1-6cdd-5216-b5a6-60d37ee9ad46', 'Message #51', '2025-01-01T00:50:00.000Z', 'd77799ea-51b5-50e2-8665-e7055c747c9b', 'dce623ef-801d-54b0-a2df-9358c082e29e', NULL, 'message'), ('1e6f9604-0935-5b1d-ac88-39e4107b8623', 'Message #52', '2025-01-01T00:51:00.000Z', 'cca20a5f-e99c-5f19-9e22-5c14c96b90c8', '53ca15fa-2a72-5e82-bc89-999d2e699fc2', NULL, 'message'), ('bfdf8e3e-e6ef-5af1-b365-012048500e3c', 'Message #53', '2025-01-01T00:52:00.000Z', '130a6a1e-7bef-52b4-82be-124984269e7a', '71c8f57c-aae5-5ac8-8fc0-a1ff399b17b8', NULL, 'message'), ('8dbf3c16-ce55-5d4b-97cf-989f6d93aa3e', 'Message #54', '2025-01-01T00:53:00.000Z', '130a6a1e-7bef-52b4-82be-124984269e7a', '4906cefc-1eec-5209-9bcc-28e8cf7c862a', NULL, 'message'), ('50380ce2-f9f9-508e-a7dd-f65e2b079fbb', 'Message #55', '2025-01-01T00:54:00.000Z', 'd77799ea-51b5-50e2-8665-e7055c747c9b', '6f72baed-b6f1-5fb7-a370-fb32611b758b', NULL, 'message'), ('f85f7297-48a4-5e9c-97ea-68194b46da81', 'Message #56', '2025-01-01T00:55:00.000Z', '7c5a3cb4-4bd6-5f26-9553-8c4905d86b29', '698b6e50-7060-5752-b30f-c3c5d2ee3400', NULL, 'message'), ('acfcddf0-6600-58ec-89d3-ea7503b65ae6', 'Message #57', '2025-01-01T00:56:00.000Z', '378e4176-02b4-51a2-8549-9c19aebb7eae', '2a7be9d0-8baf-50e6-b6f4-18e809a3a13b', NULL, 'message'), ('8f964adb-7c17-5157-8d7a-ca3c2064e316', 'Message #58', '2025-01-01T00:57:00.000Z', 'cca20a5f-e99c-5f19-9e22-5c14c96b90c8', '7c59f640-9c17-52df-b8e6-924c507dbd93', NULL, 'message'), ('f23ac013-60a6-5d93-b2d7-b7f0bad0f913', 'Message #59', '2025-01-01T00:58:00.000Z', '57a1d39d-4a38-5056-9f77-5e984cc7c04c', '815c84a1-9088-5e6f-b1ab-0853285c0e5d', NULL, 'message'), ('d0058d35-e1cd-53b3-a606-f94381fcff26', 'Message #60', '2025-01-01T00:59:00.000Z', '983922c0-860e-5e5e-8bef-a245a99d447c', '461f046b-b8af-5c8e-95dd-0f9194531ecb', NULL, 'message'), ('bc415700-c820-5ab3-8f98-b25b72b0e3c6', 'Message #61', '2025-01-01T01:00:00.000Z', 'a355efd3-cbd6-5018-8fb1-feff4428ea1b', '12b3f6e4-8e09-5767-b1ce-9d45589acea2', NULL, 'message'), ('ba307247-ef10-588e-bf9c-c22863f5f3fe', 'Message #62', '2025-01-01T01:01:00.000Z', '4d081ebc-56c1-5d0c-96d0-3febc113f3de', '7deb6d46-931a-5fde-8217-398c134e7c57', NULL, 'message'), ('6a346f65-d15c-576e-bcd8-dc9335929986', 'Message #63', '2025-01-01T01:02:00.000Z', '983922c0-860e-5e5e-8bef-a245a99d447c', 'bc6c992f-6177-5b38-a99d-4c1f8bf2d0e3', NULL, 'message'), ('72ba761d-75a8-5c2d-93e3-8063e4e38db8', 'Message #64', '2025-01-01T01:03:00.000Z', '3a7033bf-ec8b-53f4-bfe8-91308fe941ba', '2a673d00-20b6-5c6c-901e-cee3d829089b', NULL, 'message'), ('ff2ce3b0-0a55-558b-8e8b-dea13ee24d53', 'Message #65', '2025-01-01T01:04:00.000Z', 'dbf635af-104b-5d86-ba2f-7a5c5a2d30c9', '6b0fa178-00ff-552f-bbe4-e58bf12db321', NULL, 'message'), ('a5520a83-73f8-5873-84ec-a1c6c5384d3f', 'Message #66', '2025-01-01T01:05:00.000Z', '8d5b6a6c-0524-58b5-b921-d59b2483c2d2', '1bec2cb9-26e2-5649-a3d1-3758007807ab', NULL, 'message'), ('a2357ed5-d48a-516d-8c03-6a8c0ba12f07', 'Message #67', '2025-01-01T01:06:00.000Z', '130a6a1e-7bef-52b4-82be-124984269e7a', 'c9ea0237-6687-557a-b9a6-7641ce93392e', NULL, 'message'), ('787d9ebb-63a8-5c18-80b2-cbcdf1a65faa', 'Message #68', '2025-01-01T01:07:00.000Z', '3a7033bf-ec8b-53f4-bfe8-91308fe941ba', 'c9ea0237-6687-557a-b9a6-7641ce93392e', NULL, 'message'), ('2eb1d5e7-8d5a-50ff-a1ea-36880d733c5a', 'Message #69', '2025-01-01T01:08:00.000Z', '9d0fcb09-4793-59b2-938c-a6211ea07f1b', '698b6e50-7060-5752-b30f-c3c5d2ee3400', NULL, 'message'), ('e8c3a138-a62b-5814-b0c7-77e510eced09', 'Message #70', '2025-01-01T01:09:00.000Z', '3667db10-0501-59b8-bf47-b9cff6f96104', '5f2c632c-1003-5d3e-94f5-6085899aa359', NULL, 'message'), ('9eb32c8d-fe3a-5451-989d-1ac700b0e02f', 'Message #71', '2025-01-01T01:10:00.000Z', '3436f5e3-04b4-5a0d-9a05-04e69814363b', '1b41ea89-57ab-58df-9e2e-db78e9d3b085', NULL, 'message'), ('e5ed3ea6-dc44-5f23-b766-4bef0df8434f', 'Message #72', '2025-01-01T01:11:00.000Z', 'af27c99b-654c-59a0-b77c-06b841517065', 'fc164c49-dad6-5a8e-81ed-360794b8d0ca', NULL, 'message'), ('d5fd8510-b86e-588d-a9b2-3d8d3769bb45', 'Message #73', '2025-01-01T01:12:00.000Z', 'd77799ea-51b5-50e2-8665-e7055c747c9b', '9d460269-df83-57bd-a515-4a5d49cc589f', NULL, 'message'), ('21a904f3-2f37-5ead-a9c3-ffd30c0c7ee5', 'Message #74', '2025-01-01T01:13:00.000Z', 'd77799ea-51b5-50e2-8665-e7055c747c9b', '12b3f6e4-8e09-5767-b1ce-9d45589acea2', NULL, 'message'), ('c80d5ee4-3eb1-5ab5-b538-17e8072a4a25', 'Message #75', '2025-01-01T01:14:00.000Z', '143276b7-6f56-5bcb-a843-5d0c7d61d380', 'f7030727-d86e-5990-9431-89c9c43ffd21', NULL, 'message'), ('8117c7c8-a06a-5dac-879c-21299e5e40ad', 'Message #76', '2025-01-01T01:15:00.000Z', '57a1d39d-4a38-5056-9f77-5e984cc7c04c', '82d62e5d-3a42-5fcc-8eba-42d842fea91a', NULL, 'message'), ('58b99407-aa0f-5468-9f3a-9e670c1f953c', 'Message #77', '2025-01-01T01:16:00.000Z', '3667db10-0501-59b8-bf47-b9cff6f96104', '0db7fbbd-8272-54b9-8a40-06c7499e4a7c', NULL, 'message'), ('c0231e14-2354-501b-96d6-cd7b749ee3b1', 'Message #78', '2025-01-01T01:17:00.000Z', 'e581bc2b-fdd3-5585-b012-c561b026a292', '6b0fa178-00ff-552f-bbe4-e58bf12db321', NULL, 'message'), ('47c531f1-cc91-5ad9-a263-552992aad3e3', 'Message #79', '2025-01-01T01:18:00.000Z', '60ff3161-db4b-5c61-9c49-1e4f3d58316f', '698b6e50-7060-5752-b30f-c3c5d2ee3400', NULL, 'message'), ('f6cce3ef-7299-51ff-a73b-80daa527a8b4', 'Message #80', '2025-01-01T01:19:00.000Z', '57a1d39d-4a38-5056-9f77-5e984cc7c04c', '0f5d546a-dd80-5406-a005-a4f3061b9fb4', NULL, 'message'), ('273821c6-2378-561e-9da3-c800deb992e5', 'Message #81', '2025-01-01T01:20:00.000Z', 'af4648e0-022c-5817-b5e1-78f2f8cf8d4e', '9d460269-df83-57bd-a515-4a5d49cc589f', NULL, 'message'), ('33b96697-523e-510a-9d8f-4d34e411a4a4', 'Message #82', '2025-01-01T01:21:00.000Z', '983922c0-860e-5e5e-8bef-a245a99d447c', 'c9ea0237-6687-557a-b9a6-7641ce93392e', NULL, 'message'), ('e3f80879-9b65-5096-9535-33e936648b7f', 'Message #83', '2025-01-01T01:22:00.000Z', '0da9fc58-2af3-5be7-be2f-4119d9384337', 'e40bb8e8-1a00-58c8-985e-443fc42db436', NULL, 'message'), ('94b243cb-9591-5f01-ad1b-7c8b5a203537', 'Message #84', '2025-01-01T01:23:00.000Z', 'a355efd3-cbd6-5018-8fb1-feff4428ea1b', '7c59f640-9c17-52df-b8e6-924c507dbd93', NULL, 'message'), ('d1762784-4fce-58f4-b973-7c9147d8b469', 'Message #85', '2025-01-01T01:24:00.000Z', '8d5b6a6c-0524-58b5-b921-d59b2483c2d2', '0f5d546a-dd80-5406-a005-a4f3061b9fb4', NULL, 'message'), ('610aafae-01f0-56cf-ac56-6c520a38bf86', 'Message #86', '2025-01-01T01:25:00.000Z', '15875833-c628-5ae5-bd16-44f96466e5bc', 'e40bb8e8-1a00-58c8-985e-443fc42db436', NULL, 'message'), ('690de64c-e494-5dcd-8b61-47dd7292b681', 'Message #87', '2025-01-01T01:26:00.000Z', '57a1d39d-4a38-5056-9f77-5e984cc7c04c', 'c9891bab-01c0-5c96-a59b-698c3e42ee76', NULL, 'message'), ('710ab7e3-40af-5b29-96d0-d5de2cde117b', 'Message #88', '2025-01-01T01:27:00.000Z', '51aafaec-43f0-52ae-8596-434569aa274b', '71c8f57c-aae5-5ac8-8fc0-a1ff399b17b8', NULL, 'message'), ('1018160d-faee-5cac-b183-1b2b69019885', 'Message #89', '2025-01-01T01:28:00.000Z', 'af27c99b-654c-59a0-b77c-06b841517065', 'e40bb8e8-1a00-58c8-985e-443fc42db436', NULL, 'message'), ('edaf9e65-995c-5353-8600-0b626f128d5f', 'Message #90', '2025-01-01T01:29:00.000Z', '27ddcfdd-0919-5f74-9266-4d08b3ccd4a8', '815c84a1-9088-5e6f-b1ab-0853285c0e5d', NULL, 'message'), ('e929962c-baa7-5525-94a6-aea945ac445c', 'Message #91', '2025-01-01T01:30:00.000Z', '130a6a1e-7bef-52b4-82be-124984269e7a', 'fc164c49-dad6-5a8e-81ed-360794b8d0ca', NULL, 'message'), ('be2e6cfa-3055-5fa8-8edc-8c24d15f54d1', 'Message #92', '2025-01-01T01:31:00.000Z', 'b1d23a6a-4070-53f6-a28a-3db087a6c03e', '71c8f57c-aae5-5ac8-8fc0-a1ff399b17b8', NULL, 'message'), ('8c22cbfb-84e7-59c3-975c-e8e889082d17', 'Message #93', '2025-01-01T01:32:00.000Z', '0da9fc58-2af3-5be7-be2f-4119d9384337', 'ccdc1502-7a54-5584-94ef-46b4378648e5', NULL, 'message'), ('d70a3dd7-0218-50d0-acf6-a6673cc938b9', 'Message #94', '2025-01-01T01:33:00.000Z', '15875833-c628-5ae5-bd16-44f96466e5bc', '82d62e5d-3a42-5fcc-8eba-42d842fea91a', NULL, 'message'), ('d23cb9a9-08ba-5f7e-a775-8c1a5fa80784', 'Message #95', '2025-01-01T01:34:00.000Z', '3667db10-0501-59b8-bf47-b9cff6f96104', 'aac0f0ed-ca53-5282-b36f-91e7d18d145c', NULL, 'message'), ('0781135b-8926-5903-a2bf-d9feabf59adb', 'Message #96', '2025-01-01T01:35:00.000Z', '60ff3161-db4b-5c61-9c49-1e4f3d58316f', '6b0fa178-00ff-552f-bbe4-e58bf12db321', NULL, 'message'), ('841cc785-0d38-5596-b38e-b3b053ddaf9a', 'Message #97', '2025-01-01T01:36:00.000Z', '983922c0-860e-5e5e-8bef-a245a99d447c', '5ca75a8e-3605-5166-aa74-4e2e2fc0beef', NULL, 'message'), ('8f8a379a-c939-53dc-a970-0abf94f6455b', 'Message #98', '2025-01-01T01:37:00.000Z', '15875833-c628-5ae5-bd16-44f96466e5bc', 'b36ab93a-34cf-5d2f-8309-1f65466da6f0', NULL, 'message'), ('6bebbf24-dd87-52ae-b407-0aa7a831df80', 'Message #99', '2025-01-01T01:38:00.000Z', 'aa293d03-a9ff-5c28-9a05-0c0566d9cf3c', '1bec2cb9-26e2-5649-a3d1-3758007807ab', NULL, 'message'), ('75e791ec-e73a-57da-b69c-6e4fe15979ff', 'Message #100', '2025-01-01T01:39:00.000Z', 'e581bc2b-fdd3-5585-b012-c561b026a292', '82d62e5d-3a42-5fcc-8eba-42d842fea91a', NULL, 'message'), ('ad0ab188-046b-56b1-b8db-6c0e338f53b2', 'Message #101', '2025-01-01T01:40:00.000Z', 'd77799ea-51b5-50e2-8665-e7055c747c9b', '5ca75a8e-3605-5166-aa74-4e2e2fc0beef', NULL, 'message'), ('a729c221-db1c-5ae1-902a-9187447604a7', 'Message #102', '2025-01-01T01:41:00.000Z', '3436f5e3-04b4-5a0d-9a05-04e69814363b', 'f50300db-d620-587a-a6c0-46d7f9ace912', NULL, 'message'), ('41300122-452e-5346-b41b-0ba4e86e7de8', 'Message #103', '2025-01-01T01:42:00.000Z', 'a50e5096-557e-5bed-beff-ce7a11e9e7c5', 'ccdc1502-7a54-5584-94ef-46b4378648e5', NULL, 'message'), ('71d875b7-c5c6-5f58-a2cc-446bef279e52', 'Message #104', '2025-01-01T01:43:00.000Z', 'e581bc2b-fdd3-5585-b012-c561b026a292', '5fef9e7c-116a-5504-a6ae-d16f4442d448', NULL, 'message'), ('77a045b1-e804-5a17-bd51-d5765c1b9a62', 'Message #105', '2025-01-01T01:44:00.000Z', 'e581bc2b-fdd3-5585-b012-c561b026a292', '5f2c632c-1003-5d3e-94f5-6085899aa359', NULL, 'message'), ('47131bf3-2b03-51a2-b777-ca6831d4678f', 'Message #106', '2025-01-01T01:45:00.000Z', '143276b7-6f56-5bcb-a843-5d0c7d61d380', '4906cefc-1eec-5209-9bcc-28e8cf7c862a', NULL, 'message'), ('1931206f-4a8e-5ecf-9198-d6af12cd4aa3', 'Message #107', '2025-01-01T01:46:00.000Z', '27ddcfdd-0919-5f74-9266-4d08b3ccd4a8', 'e4153ca5-d012-5995-bad4-086731587974', NULL, 'message'), ('be0791c5-d7a6-5b79-8ba7-a74c9f1917d0', 'Message #108', '2025-01-01T01:47:00.000Z', 'b1f427e8-abdc-5e0a-8b88-40baf2e38d72', '95e9e489-e32a-5bf9-8fcf-918b9fd3a587', NULL, 'message'), ('25f02b6f-fd92-5735-84ee-3be6436c9fc6', 'Message #109', '2025-01-01T01:48:00.000Z', 'b1f427e8-abdc-5e0a-8b88-40baf2e38d72', 'aaa0c472-c765-52c5-a1b6-7022bc633ec7', NULL, 'message'), ('46c7afa4-5345-5698-a4bd-554461ee8653', 'Message #110', '2025-01-01T01:49:00.000Z', '3667db10-0501-59b8-bf47-b9cff6f96104', '698b6e50-7060-5752-b30f-c3c5d2ee3400', NULL, 'message'), ('f5ffd216-45f7-531d-9c2b-46638b797a78', 'Message #111', '2025-01-01T01:50:00.000Z', 'd77799ea-51b5-50e2-8665-e7055c747c9b', 'dce623ef-801d-54b0-a2df-9358c082e29e', NULL, 'message'), ('3ebe96d1-538a-5cc1-b959-e995af39318d', 'Message #112', '2025-01-01T01:51:00.000Z', 'cca20a5f-e99c-5f19-9e22-5c14c96b90c8', '53ca15fa-2a72-5e82-bc89-999d2e699fc2', NULL, 'message'), ('28f152c9-5c3f-51fd-b0ee-7bc1d35cb494', 'Message #113', '2025-01-01T01:52:00.000Z', '130a6a1e-7bef-52b4-82be-124984269e7a', '71c8f57c-aae5-5ac8-8fc0-a1ff399b17b8', NULL, 'message'), ('f586971c-051f-5ba6-946e-a700915d96fc', 'Message #114', '2025-01-01T01:53:00.000Z', '130a6a1e-7bef-52b4-82be-124984269e7a', '4906cefc-1eec-5209-9bcc-28e8cf7c862a', NULL, 'message'), ('58227c56-65f9-542b-bab1-1fec8f83ffef', 'Message #115', '2025-01-01T01:54:00.000Z', 'd77799ea-51b5-50e2-8665-e7055c747c9b', '6f72baed-b6f1-5fb7-a370-fb32611b758b', NULL, 'message'), ('21054435-5c9a-56db-af70-2a97af04aeb4', 'Message #116', '2025-01-01T01:55:00.000Z', '7c5a3cb4-4bd6-5f26-9553-8c4905d86b29', '698b6e50-7060-5752-b30f-c3c5d2ee3400', NULL, 'message'), ('07ed185e-4cab-523c-b2e9-00ce408a55ac', 'Message #117', '2025-01-01T01:56:00.000Z', '378e4176-02b4-51a2-8549-9c19aebb7eae', '2a7be9d0-8baf-50e6-b6f4-18e809a3a13b', NULL, 'message'), ('21491799-d628-5603-b66a-a693ee633578', 'Message #118', '2025-01-01T01:57:00.000Z', 'cca20a5f-e99c-5f19-9e22-5c14c96b90c8', '7c59f640-9c17-52df-b8e6-924c507dbd93', NULL, 'message'), ('7b4e7f72-1bef-5196-80ab-bda7e2a87d55', 'Message #119', '2025-01-01T01:58:00.000Z', '57a1d39d-4a38-5056-9f77-5e984cc7c04c', '815c84a1-9088-5e6f-b1ab-0853285c0e5d', NULL, 'message'), ('25d09c1e-b23c-54f2-9606-7c710880b676', 'Message #120', '2025-01-01T01:59:00.000Z', '983922c0-860e-5e5e-8bef-a245a99d447c', '461f046b-b8af-5c8e-95dd-0f9194531ecb', NULL, 'message'), ('1b12b38a-2c68-52d5-95cf-f2506e6573c4', 'Message #121', '2025-01-01T02:00:00.000Z', 'a355efd3-cbd6-5018-8fb1-feff4428ea1b', '12b3f6e4-8e09-5767-b1ce-9d45589acea2', NULL, 'message'), ('7ee0d128-a343-5500-a1ff-212ae550b36a', 'Message #122', '2025-01-01T02:01:00.000Z', '4d081ebc-56c1-5d0c-96d0-3febc113f3de', '7deb6d46-931a-5fde-8217-398c134e7c57', NULL, 'message'), ('657d1947-5d52-5e57-aec9-a0936ca91625', 'Message #123', '2025-01-01T02:02:00.000Z', '983922c0-860e-5e5e-8bef-a245a99d447c', 'bc6c992f-6177-5b38-a99d-4c1f8bf2d0e3', NULL, 'message'), ('d372c2a6-3cd9-563e-bb81-0fb3ba4f82a5', 'Message #124', '2025-01-01T02:03:00.000Z', '3a7033bf-ec8b-53f4-bfe8-91308fe941ba', '2a673d00-20b6-5c6c-901e-cee3d829089b', NULL, 'message'), ('7678e3b3-4d80-5e70-8c26-93b699b06832', 'Message #125', '2025-01-01T02:04:00.000Z', 'dbf635af-104b-5d86-ba2f-7a5c5a2d30c9', '6b0fa178-00ff-552f-bbe4-e58bf12db321', NULL, 'message'), ('9a056028-44e2-5e32-8c6a-9dfbe21f0d43', 'Message #126', '2025-01-01T02:05:00.000Z', '8d5b6a6c-0524-58b5-b921-d59b2483c2d2', '1bec2cb9-26e2-5649-a3d1-3758007807ab', NULL, 'message'), ('76820088-bc7b-545d-8880-338c2222af90', 'Message #127', '2025-01-01T02:06:00.000Z', '130a6a1e-7bef-52b4-82be-124984269e7a', 'c9ea0237-6687-557a-b9a6-7641ce93392e', NULL, 'message'), ('371aa91d-40ed-5cd5-a3e4-60ee54f13841', 'Message #128', '2025-01-01T02:07:00.000Z', '3a7033bf-ec8b-53f4-bfe8-91308fe941ba', 'c9ea0237-6687-557a-b9a6-7641ce93392e', NULL, 'message'), ('0aea94e7-1aab-5f31-9fa6-dd4f680b5816', 'Message #129', '2025-01-01T02:08:00.000Z', '9d0fcb09-4793-59b2-938c-a6211ea07f1b', '698b6e50-7060-5752-b30f-c3c5d2ee3400', NULL, 'message'), ('41471691-3097-5d64-ab2a-949af7b39736', 'Message #130', '2025-01-01T02:09:00.000Z', '3667db10-0501-59b8-bf47-b9cff6f96104', '5f2c632c-1003-5d3e-94f5-6085899aa359', NULL, 'message'), ('16a6a1b2-c02e-59ef-abd6-a0b0732d33a7', 'Message #131', '2025-01-01T02:10:00.000Z', '3436f5e3-04b4-5a0d-9a05-04e69814363b', '1b41ea89-57ab-58df-9e2e-db78e9d3b085', NULL, 'message'), ('2b83df85-c344-58bb-928d-cca0b7b344f3', 'Message #132', '2025-01-01T02:11:00.000Z', 'af27c99b-654c-59a0-b77c-06b841517065', 'fc164c49-dad6-5a8e-81ed-360794b8d0ca', NULL, 'message'), ('085333a1-01be-5ae9-9822-66ec30b03fe4', 'Message #133', '2025-01-01T02:12:00.000Z', 'd77799ea-51b5-50e2-8665-e7055c747c9b', '9d460269-df83-57bd-a515-4a5d49cc589f', NULL, 'message'), ('82411472-c4d1-545d-9873-67a0f147f245', 'Message #134', '2025-01-01T02:13:00.000Z', 'd77799ea-51b5-50e2-8665-e7055c747c9b', '12b3f6e4-8e09-5767-b1ce-9d45589acea2', NULL, 'message'), ('81470820-0099-52f1-a5ec-4fb44dfe1cd9', 'Message #135', '2025-01-01T02:14:00.000Z', '143276b7-6f56-5bcb-a843-5d0c7d61d380', 'f7030727-d86e-5990-9431-89c9c43ffd21', NULL, 'message'), ('11a6b7f1-58f2-5a6c-8d14-48c2941eba4a', 'Message #136', '2025-01-01T02:15:00.000Z', '57a1d39d-4a38-5056-9f77-5e984cc7c04c', '82d62e5d-3a42-5fcc-8eba-42d842fea91a', NULL, 'message'), ('f33389d7-c86d-57f5-8c44-d4a2a4af0ac4', 'Message #137', '2025-01-01T02:16:00.000Z', '3667db10-0501-59b8-bf47-b9cff6f96104', '0db7fbbd-8272-54b9-8a40-06c7499e4a7c', NULL, 'message'), ('d1aff710-1b9f-5edd-89fb-c89ab6d3aacb', 'Message #138', '2025-01-01T02:17:00.000Z', 'e581bc2b-fdd3-5585-b012-c561b026a292', '6b0fa178-00ff-552f-bbe4-e58bf12db321', NULL, 'message'), ('0c2f7af2-dfe0-55c7-8fa1-63112b03822d', 'Message #139', '2025-01-01T02:18:00.000Z', '60ff3161-db4b-5c61-9c49-1e4f3d58316f', '698b6e50-7060-5752-b30f-c3c5d2ee3400', NULL, 'message'), ('26a93020-ea29-566a-9d12-be5fb5bf3b1b', 'Message #140', '2025-01-01T02:19:00.000Z', '57a1d39d-4a38-5056-9f77-5e984cc7c04c', '0f5d546a-dd80-5406-a005-a4f3061b9fb4', NULL, 'message'), ('fd9c86bd-7ec5-5afd-a716-bce52e1c14ee', 'Message #141', '2025-01-01T02:20:00.000Z', 'af4648e0-022c-5817-b5e1-78f2f8cf8d4e', '9d460269-df83-57bd-a515-4a5d49cc589f', NULL, 'message'), ('c1e22881-ff31-51e6-9b83-852d6e26fd73', 'Message #142', '2025-01-01T02:21:00.000Z', '983922c0-860e-5e5e-8bef-a245a99d447c', 'c9ea0237-6687-557a-b9a6-7641ce93392e', NULL, 'message'), ('f2dd35d3-03d9-558c-bb0d-6ae4960ace66', 'Message #143', '2025-01-01T02:22:00.000Z', '0da9fc58-2af3-5be7-be2f-4119d9384337', 'e40bb8e8-1a00-58c8-985e-443fc42db436', NULL, 'message'), ('9104e6a7-7f7c-5618-b154-c7853247499c', 'Message #144', '2025-01-01T02:23:00.000Z', 'a355efd3-cbd6-5018-8fb1-feff4428ea1b', '7c59f640-9c17-52df-b8e6-924c507dbd93', NULL, 'message'), ('f353f3e1-f412-5416-872b-ac2bd25d1833', 'Message #145', '2025-01-01T02:24:00.000Z', '8d5b6a6c-0524-58b5-b921-d59b2483c2d2', '0f5d546a-dd80-5406-a005-a4f3061b9fb4', NULL, 'message'), ('44df0b6a-0a9b-539b-b31f-dc1a0d1da5f6', 'Message #146', '2025-01-01T02:25:00.000Z', '15875833-c628-5ae5-bd16-44f96466e5bc', 'e40bb8e8-1a00-58c8-985e-443fc42db436', NULL, 'message'), ('d827cca9-ae53-58f2-b02b-186e9e76f0da', 'Message #147', '2025-01-01T02:26:00.000Z', '57a1d39d-4a38-5056-9f77-5e984cc7c04c', 'c9891bab-01c0-5c96-a59b-698c3e42ee76', NULL, 'message'), ('01b75fc7-284a-55c4-9095-0c1ef4ef92b5', 'Message #148', '2025-01-01T02:27:00.000Z', '51aafaec-43f0-52ae-8596-434569aa274b', '71c8f57c-aae5-5ac8-8fc0-a1ff399b17b8', NULL, 'message'), ('353313e1-124a-5985-9802-df3ddfbe4525', 'Message #149', '2025-01-01T02:28:00.000Z', 'af27c99b-654c-59a0-b77c-06b841517065', 'e40bb8e8-1a00-58c8-985e-443fc42db436', NULL, 'message'), ('65781996-7ad8-547d-90c9-9904d9ab4c35', 'Message #150', '2025-01-01T02:29:00.000Z', '27ddcfdd-0919-5f74-9266-4d08b3ccd4a8', '815c84a1-9088-5e6f-b1ab-0853285c0e5d', NULL, 'message'), ('64fac3d6-fc6d-5b6d-a2dc-6b9a44b1c5b0', 'Message #151', '2025-01-01T02:30:00.000Z', '130a6a1e-7bef-52b4-82be-124984269e7a', 'fc164c49-dad6-5a8e-81ed-360794b8d0ca', NULL, 'message'), ('2e45537f-0e5e-50ec-90cd-27eebb7bff8d', 'Message #152', '2025-01-01T02:31:00.000Z', 'b1d23a6a-4070-53f6-a28a-3db087a6c03e', '71c8f57c-aae5-5ac8-8fc0-a1ff399b17b8', NULL, 'message'), ('dea6a23f-ef60-5be9-b879-a423b06bce25', 'Message #153', '2025-01-01T02:32:00.000Z', '0da9fc58-2af3-5be7-be2f-4119d9384337', 'ccdc1502-7a54-5584-94ef-46b4378648e5', NULL, 'message'), ('7ee16128-08da-5afe-9e32-1a9a03cf6332', 'Message #154', '2025-01-01T02:33:00.000Z', '15875833-c628-5ae5-bd16-44f96466e5bc', '82d62e5d-3a42-5fcc-8eba-42d842fea91a', NULL, 'message'), ('0a1379d4-1183-549f-bda7-9dcc8d943eed', 'Message #155', '2025-01-01T02:34:00.000Z', '3667db10-0501-59b8-bf47-b9cff6f96104', 'aac0f0ed-ca53-5282-b36f-91e7d18d145c', NULL, 'message'), ('76400b62-de1b-584b-b567-4a148b60f4cc', 'Message #156', '2025-01-01T02:35:00.000Z', '60ff3161-db4b-5c61-9c49-1e4f3d58316f', '6b0fa178-00ff-552f-bbe4-e58bf12db321', NULL, 'message'), ('fea49780-a952-568c-910b-037f48adf969', 'Message #157', '2025-01-01T02:36:00.000Z', '983922c0-860e-5e5e-8bef-a245a99d447c', '5ca75a8e-3605-5166-aa74-4e2e2fc0beef', NULL, 'message'), ('787d36c1-16f7-5e88-8eca-dc5e919d2f29', 'Message #158', '2025-01-01T02:37:00.000Z', '15875833-c628-5ae5-bd16-44f96466e5bc', 'b36ab93a-34cf-5d2f-8309-1f65466da6f0', NULL, 'message'), ('e1f9c925-b35d-5fcc-a056-c1b3bbcad187', 'Message #159', '2025-01-01T02:38:00.000Z', 'aa293d03-a9ff-5c28-9a05-0c0566d9cf3c', '1bec2cb9-26e2-5649-a3d1-3758007807ab', NULL, 'message'), ('35b0699e-dda8-5f37-aa61-03c2f86977a5', 'Message #160', '2025-01-01T02:39:00.000Z', 'e581bc2b-fdd3-5585-b012-c561b026a292', '82d62e5d-3a42-5fcc-8eba-42d842fea91a', NULL, 'message'), ('a747cd95-737e-56fb-8578-f5e6cc2d7ed5', 'Message #161', '2025-01-01T02:40:00.000Z', 'd77799ea-51b5-50e2-8665-e7055c747c9b', '5ca75a8e-3605-5166-aa74-4e2e2fc0beef', NULL, 'message'), ('dcc2a4d0-c99a-58db-b651-8d8656a70d27', 'Message #162', '2025-01-01T02:41:00.000Z', '3436f5e3-04b4-5a0d-9a05-04e69814363b', 'f50300db-d620-587a-a6c0-46d7f9ace912', NULL, 'message'), ('08b97acd-91e3-5692-ae8e-0ebdfbf8c411', 'Message #163', '2025-01-01T02:42:00.000Z', 'a50e5096-557e-5bed-beff-ce7a11e9e7c5', 'ccdc1502-7a54-5584-94ef-46b4378648e5', NULL, 'message'), ('f8967a61-e0f5-5a32-9b2c-484aac8fe1a9', 'Message #164', '2025-01-01T02:43:00.000Z', 'e581bc2b-fdd3-5585-b012-c561b026a292', '5fef9e7c-116a-5504-a6ae-d16f4442d448', NULL, 'message'), ('a0c9d0a2-8b0d-5ca1-92f4-9834bc70de3b', 'Message #165', '2025-01-01T02:44:00.000Z', 'e581bc2b-fdd3-5585-b012-c561b026a292', '5f2c632c-1003-5d3e-94f5-6085899aa359', NULL, 'message'), ('353d8787-69d9-5257-adf4-790f664fc50b', 'Message #166', '2025-01-01T02:45:00.000Z', '143276b7-6f56-5bcb-a843-5d0c7d61d380', '4906cefc-1eec-5209-9bcc-28e8cf7c862a', NULL, 'message'), ('b95348ee-7939-5c9c-8997-36b91436df9f', 'Message #167', '2025-01-01T02:46:00.000Z', '27ddcfdd-0919-5f74-9266-4d08b3ccd4a8', 'e4153ca5-d012-5995-bad4-086731587974', NULL, 'message'), ('a9ec10aa-0134-5544-97a6-083f29f5f4b8', 'Message #168', '2025-01-01T02:47:00.000Z', 'b1f427e8-abdc-5e0a-8b88-40baf2e38d72', '95e9e489-e32a-5bf9-8fcf-918b9fd3a587', NULL, 'message'), ('ec424995-86c5-55c7-ab12-4dd4c4382d02', 'Message #169', '2025-01-01T02:48:00.000Z', 'b1f427e8-abdc-5e0a-8b88-40baf2e38d72', 'aaa0c472-c765-52c5-a1b6-7022bc633ec7', NULL, 'message'), ('d5bebcb5-60f3-5dac-917f-dcbaef95905c', 'Message #170', '2025-01-01T02:49:00.000Z', '3667db10-0501-59b8-bf47-b9cff6f96104', '698b6e50-7060-5752-b30f-c3c5d2ee3400', NULL, 'message'), ('d8821639-58e5-52a3-8f44-1f1ad9721b6e', 'Message #171', '2025-01-01T02:50:00.000Z', 'd77799ea-51b5-50e2-8665-e7055c747c9b', 'dce623ef-801d-54b0-a2df-9358c082e29e', NULL, 'message'), ('e634a4d9-a3ca-54c8-8ae0-f13264338cc4', 'Message #172', '2025-01-01T02:51:00.000Z', 'cca20a5f-e99c-5f19-9e22-5c14c96b90c8', '53ca15fa-2a72-5e82-bc89-999d2e699fc2', NULL, 'message'), ('4c6efe9c-33d4-5330-9f1f-3bbba2ab12ac', 'Message #173', '2025-01-01T02:52:00.000Z', '130a6a1e-7bef-52b4-82be-124984269e7a', '71c8f57c-aae5-5ac8-8fc0-a1ff399b17b8', NULL, 'message'), ('1fc77927-120d-564e-8eac-d14daab85c12', 'Message #174', '2025-01-01T02:53:00.000Z', '130a6a1e-7bef-52b4-82be-124984269e7a', '4906cefc-1eec-5209-9bcc-28e8cf7c862a', NULL, 'message'), ('2a255ae7-d1df-5dcc-8f9e-f374a1361d61', 'Message #175', '2025-01-01T02:54:00.000Z', 'd77799ea-51b5-50e2-8665-e7055c747c9b', '6f72baed-b6f1-5fb7-a370-fb32611b758b', NULL, 'message'), ('c00fb04c-1b09-5997-961d-3440c8a100a4', 'Message #176', '2025-01-01T02:55:00.000Z', '7c5a3cb4-4bd6-5f26-9553-8c4905d86b29', '698b6e50-7060-5752-b30f-c3c5d2ee3400', NULL, 'message'), ('534cb632-1755-5dff-89c3-4de86689cee5', 'Message #177', '2025-01-01T02:56:00.000Z', '378e4176-02b4-51a2-8549-9c19aebb7eae', '2a7be9d0-8baf-50e6-b6f4-18e809a3a13b', NULL, 'message'), ('0e9639c1-7319-5957-997e-791b4f9e106f', 'Message #178', '2025-01-01T02:57:00.000Z', 'cca20a5f-e99c-5f19-9e22-5c14c96b90c8', '7c59f640-9c17-52df-b8e6-924c507dbd93', NULL, 'message'), ('7c2baebe-6bc5-5c78-ac46-b4569b388f73', 'Message #179', '2025-01-01T02:58:00.000Z', '57a1d39d-4a38-5056-9f77-5e984cc7c04c', '815c84a1-9088-5e6f-b1ab-0853285c0e5d', NULL, 'message'), ('6a953d8e-9d25-54e5-8659-5cb7e91bbcfe', 'Message #180', '2025-01-01T02:59:00.000Z', '983922c0-860e-5e5e-8bef-a245a99d447c', '461f046b-b8af-5c8e-95dd-0f9194531ecb', NULL, 'message'), ('32616621-b2ca-572f-9a26-81627ce7b303', 'Message #181', '2025-01-01T03:00:00.000Z', 'a355efd3-cbd6-5018-8fb1-feff4428ea1b', '12b3f6e4-8e09-5767-b1ce-9d45589acea2', NULL, 'message'), ('72fa39d8-9786-551f-82b8-05b09eb73cd1', 'Message #182', '2025-01-01T03:01:00.000Z', '4d081ebc-56c1-5d0c-96d0-3febc113f3de', '7deb6d46-931a-5fde-8217-398c134e7c57', NULL, 'message'), ('a8bd3403-1d66-5728-b3d8-8d2c89c33281', 'Message #183', '2025-01-01T03:02:00.000Z', '983922c0-860e-5e5e-8bef-a245a99d447c', 'bc6c992f-6177-5b38-a99d-4c1f8bf2d0e3', NULL, 'message'), ('82d0f1f0-6d5b-597b-80de-907dc5064387', 'Message #184', '2025-01-01T03:03:00.000Z', '3a7033bf-ec8b-53f4-bfe8-91308fe941ba', '2a673d00-20b6-5c6c-901e-cee3d829089b', NULL, 'message'), ('267816e9-27d2-5b2a-93f3-e06a9f91f270', 'Message #185', '2025-01-01T03:04:00.000Z', 'dbf635af-104b-5d86-ba2f-7a5c5a2d30c9', '6b0fa178-00ff-552f-bbe4-e58bf12db321', NULL, 'message'), ('f350df87-8c1f-5781-88a2-6d206968d17d', 'Message #186', '2025-01-01T03:05:00.000Z', '8d5b6a6c-0524-58b5-b921-d59b2483c2d2', '1bec2cb9-26e2-5649-a3d1-3758007807ab', NULL, 'message'), ('8c661497-532b-509e-8140-c3b63a44be80', 'Message #187', '2025-01-01T03:06:00.000Z', '130a6a1e-7bef-52b4-82be-124984269e7a', 'c9ea0237-6687-557a-b9a6-7641ce93392e', NULL, 'message'), ('2d62340c-e24a-59da-8ddf-40fad815ed09', 'Message #188', '2025-01-01T03:07:00.000Z', '3a7033bf-ec8b-53f4-bfe8-91308fe941ba', 'c9ea0237-6687-557a-b9a6-7641ce93392e', NULL, 'message'), ('00ddf235-b776-5550-a16c-5ea29e04d667', 'Message #189', '2025-01-01T03:08:00.000Z', '9d0fcb09-4793-59b2-938c-a6211ea07f1b', '698b6e50-7060-5752-b30f-c3c5d2ee3400', NULL, 'message'), ('80332072-e2bd-5464-9bd6-be1651b9ff6f', 'Message #190', '2025-01-01T03:09:00.000Z', '3667db10-0501-59b8-bf47-b9cff6f96104', '5f2c632c-1003-5d3e-94f5-6085899aa359', NULL, 'message'), ('0b6ea986-4448-50d4-a22a-09989b3a1c4e', 'Message #191', '2025-01-01T03:10:00.000Z', '3436f5e3-04b4-5a0d-9a05-04e69814363b', '1b41ea89-57ab-58df-9e2e-db78e9d3b085', NULL, 'message'), ('3cf41c99-e356-5e23-8bef-66a6c11fc093', 'Message #192', '2025-01-01T03:11:00.000Z', 'af27c99b-654c-59a0-b77c-06b841517065', 'fc164c49-dad6-5a8e-81ed-360794b8d0ca', NULL, 'message'), ('cfaf3ae5-e191-56a6-8b56-fdcab0c26fb8', 'Message #193', '2025-01-01T03:12:00.000Z', 'd77799ea-51b5-50e2-8665-e7055c747c9b', '9d460269-df83-57bd-a515-4a5d49cc589f', NULL, 'message'), ('c81acb83-706c-5f95-873a-630a9dcf27ef', 'Message #194', '2025-01-01T03:13:00.000Z', 'd77799ea-51b5-50e2-8665-e7055c747c9b', '12b3f6e4-8e09-5767-b1ce-9d45589acea2', NULL, 'message'), ('3369d120-3657-5b53-ac9f-e46bc830ce89', 'Message #195', '2025-01-01T03:14:00.000Z', '143276b7-6f56-5bcb-a843-5d0c7d61d380', 'f7030727-d86e-5990-9431-89c9c43ffd21', NULL, 'message'), ('4d4fcb1b-0855-5ea3-b459-b96854518bff', 'Message #196', '2025-01-01T03:15:00.000Z', '57a1d39d-4a38-5056-9f77-5e984cc7c04c', '82d62e5d-3a42-5fcc-8eba-42d842fea91a', NULL, 'message'), ('5e3afed5-fc13-5e85-bd89-34332f05060a', 'Message #197', '2025-01-01T03:16:00.000Z', '3667db10-0501-59b8-bf47-b9cff6f96104', '0db7fbbd-8272-54b9-8a40-06c7499e4a7c', NULL, 'message'), ('d7448734-70f5-5c94-a8bd-3e40033fd621', 'Message #198', '2025-01-01T03:17:00.000Z', 'e581bc2b-fdd3-5585-b012-c561b026a292', '6b0fa178-00ff-552f-bbe4-e58bf12db321', NULL, 'message'), ('8c49e245-112f-533d-b9be-45b1bfd5a899', 'Message #199', '2025-01-01T03:18:00.000Z', '60ff3161-db4b-5c61-9c49-1e4f3d58316f', '698b6e50-7060-5752-b30f-c3c5d2ee3400', NULL, 'message'), ('c974aab5-66f5-57dd-9ad8-0785f20c190d', 'Message #200', '2025-01-01T03:19:00.000Z', '57a1d39d-4a38-5056-9f77-5e984cc7c04c', '0f5d546a-dd80-5406-a005-a4f3061b9fb4', NULL, 'message'), ('89aad715-e729-594c-a41f-14854624a70e', 'Message #201', '2025-01-01T03:20:00.000Z', 'af4648e0-022c-5817-b5e1-78f2f8cf8d4e', '9d460269-df83-57bd-a515-4a5d49cc589f', NULL, 'message'), ('c3911050-c04f-5145-9a8f-808802746afd', 'Message #202', '2025-01-01T03:21:00.000Z', '983922c0-860e-5e5e-8bef-a245a99d447c', 'c9ea0237-6687-557a-b9a6-7641ce93392e', NULL, 'message'), ('cb5eeef4-b071-5fc4-87d8-4dde435de6e8', 'Message #203', '2025-01-01T03:22:00.000Z', '0da9fc58-2af3-5be7-be2f-4119d9384337', 'e40bb8e8-1a00-58c8-985e-443fc42db436', NULL, 'message'), ('6606a703-eb7c-5d44-89dc-3926c8933a39', 'Message #204', '2025-01-01T03:23:00.000Z', 'a355efd3-cbd6-5018-8fb1-feff4428ea1b', '7c59f640-9c17-52df-b8e6-924c507dbd93', NULL, 'message'), ('29289755-4aca-536e-9e94-6d33e945cc88', 'Message #205', '2025-01-01T03:24:00.000Z', '8d5b6a6c-0524-58b5-b921-d59b2483c2d2', '0f5d546a-dd80-5406-a005-a4f3061b9fb4', NULL, 'message'), ('a7ac7e2c-396a-5d62-8259-2c94c6a8694d', 'Message #206', '2025-01-01T03:25:00.000Z', '15875833-c628-5ae5-bd16-44f96466e5bc', 'e40bb8e8-1a00-58c8-985e-443fc42db436', NULL, 'message'), ('055d6ee8-a960-5254-8e16-b5a7aeb2091f', 'Message #207', '2025-01-01T03:26:00.000Z', '57a1d39d-4a38-5056-9f77-5e984cc7c04c', 'c9891bab-01c0-5c96-a59b-698c3e42ee76', NULL, 'message'), ('918ad5c6-7947-5b23-b159-3b62630b19cf', 'Message #208', '2025-01-01T03:27:00.000Z', '51aafaec-43f0-52ae-8596-434569aa274b', '71c8f57c-aae5-5ac8-8fc0-a1ff399b17b8', NULL, 'message'), ('6adf7d5d-2743-5c1b-8195-4ed2b98c77c9', 'Message #209', '2025-01-01T03:28:00.000Z', 'af27c99b-654c-59a0-b77c-06b841517065', 'e40bb8e8-1a00-58c8-985e-443fc42db436', NULL, 'message'), ('14fe1a15-97ec-5121-967d-55bdb3e1bc8e', 'Message #210', '2025-01-01T03:29:00.000Z', '27ddcfdd-0919-5f74-9266-4d08b3ccd4a8', '815c84a1-9088-5e6f-b1ab-0853285c0e5d', NULL, 'message'), ('e4425815-f343-53fa-ba93-bd9dc4a5b51f', 'Message #211', '2025-01-01T03:30:00.000Z', '130a6a1e-7bef-52b4-82be-124984269e7a', 'fc164c49-dad6-5a8e-81ed-360794b8d0ca', NULL, 'message'), ('5c2b2628-c655-5aa9-8cc1-06f8a135132a', 'Message #212', '2025-01-01T03:31:00.000Z', 'b1d23a6a-4070-53f6-a28a-3db087a6c03e', '71c8f57c-aae5-5ac8-8fc0-a1ff399b17b8', NULL, 'message'), ('9a6cb392-bb5e-53c8-9b04-a422b3157ec8', 'Message #213', '2025-01-01T03:32:00.000Z', '0da9fc58-2af3-5be7-be2f-4119d9384337', 'ccdc1502-7a54-5584-94ef-46b4378648e5', NULL, 'message'), ('62141657-1cc6-5a49-a45b-115f0391b020', 'Message #214', '2025-01-01T03:33:00.000Z', '15875833-c628-5ae5-bd16-44f96466e5bc', '82d62e5d-3a42-5fcc-8eba-42d842fea91a', NULL, 'message'), ('3a72b06e-9ba3-5925-b4cc-c019241b788a', 'Message #215', '2025-01-01T03:34:00.000Z', '3667db10-0501-59b8-bf47-b9cff6f96104', 'aac0f0ed-ca53-5282-b36f-91e7d18d145c', NULL, 'message'), ('9470f2a5-0c07-5a15-9cef-b2ffb7ce2c25', 'Message #216', '2025-01-01T03:35:00.000Z', '60ff3161-db4b-5c61-9c49-1e4f3d58316f', '6b0fa178-00ff-552f-bbe4-e58bf12db321', NULL, 'message'), ('b90f35cb-3ffc-55fb-828d-f4dff6a26d3b', 'Message #217', '2025-01-01T03:36:00.000Z', '983922c0-860e-5e5e-8bef-a245a99d447c', '5ca75a8e-3605-5166-aa74-4e2e2fc0beef', NULL, 'message'), ('e2bffada-9bcc-55a6-90d7-f37d05985417', 'Message #218', '2025-01-01T03:37:00.000Z', '15875833-c628-5ae5-bd16-44f96466e5bc', 'b36ab93a-34cf-5d2f-8309-1f65466da6f0', NULL, 'message'), ('bd2d9036-1499-53ec-a60f-3ff70833b327', 'Message #219', '2025-01-01T03:38:00.000Z', 'aa293d03-a9ff-5c28-9a05-0c0566d9cf3c', '1bec2cb9-26e2-5649-a3d1-3758007807ab', NULL, 'message'), ('d8febfbd-c344-51d1-bfd2-d1472e151653', 'Message #220', '2025-01-01T03:39:00.000Z', 'e581bc2b-fdd3-5585-b012-c561b026a292', '82d62e5d-3a42-5fcc-8eba-42d842fea91a', NULL, 'message'), ('397dad7a-9012-56c6-8b7d-202fa3388e35', 'Message #221', '2025-01-01T03:40:00.000Z', 'd77799ea-51b5-50e2-8665-e7055c747c9b', '5ca75a8e-3605-5166-aa74-4e2e2fc0beef', NULL, 'message'), ('a19608fd-740b-5fed-8e86-a5b625070823', 'Message #222', '2025-01-01T03:41:00.000Z', '3436f5e3-04b4-5a0d-9a05-04e69814363b', 'f50300db-d620-587a-a6c0-46d7f9ace912', NULL, 'message'), ('fbc86bb3-a9d8-5418-8ce7-800f16abc9d6', 'Message #223', '2025-01-01T03:42:00.000Z', 'a50e5096-557e-5bed-beff-ce7a11e9e7c5', 'ccdc1502-7a54-5584-94ef-46b4378648e5', NULL, 'message'), ('464999e6-f5dd-5167-b2f2-30a1181d975e', 'Message #224', '2025-01-01T03:43:00.000Z', 'e581bc2b-fdd3-5585-b012-c561b026a292', '5fef9e7c-116a-5504-a6ae-d16f4442d448', NULL, 'message'), ('456c4e7a-f0fc-5d59-bac9-1cc82841944c', 'Message #225', '2025-01-01T03:44:00.000Z', 'e581bc2b-fdd3-5585-b012-c561b026a292', '5f2c632c-1003-5d3e-94f5-6085899aa359', NULL, 'message'), ('70f09d93-4790-56b3-824f-adb810ca0995', 'Message #226', '2025-01-01T03:45:00.000Z', '143276b7-6f56-5bcb-a843-5d0c7d61d380', '4906cefc-1eec-5209-9bcc-28e8cf7c862a', NULL, 'message'), ('9e11a83b-1823-54bb-946e-3fbf81cefaa6', 'Message #227', '2025-01-01T03:46:00.000Z', '27ddcfdd-0919-5f74-9266-4d08b3ccd4a8', 'e4153ca5-d012-5995-bad4-086731587974', NULL, 'message'), ('9ede0e26-146f-5d74-8c91-bd767e344afa', 'Message #228', '2025-01-01T03:47:00.000Z', 'b1f427e8-abdc-5e0a-8b88-40baf2e38d72', '95e9e489-e32a-5bf9-8fcf-918b9fd3a587', NULL, 'message'), ('16006b70-ca45-51a3-bbf2-eeea8b8973d1', 'Message #229', '2025-01-01T03:48:00.000Z', 'b1f427e8-abdc-5e0a-8b88-40baf2e38d72', 'aaa0c472-c765-52c5-a1b6-7022bc633ec7', NULL, 'message'), ('74773955-b800-5f78-b05c-eb9d94bce680', 'Message #230', '2025-01-01T03:49:00.000Z', '3667db10-0501-59b8-bf47-b9cff6f96104', '698b6e50-7060-5752-b30f-c3c5d2ee3400', NULL, 'message'), ('b943dabe-46ab-54dd-841d-01d8c18777e0', 'Message #231', '2025-01-01T03:50:00.000Z', 'd77799ea-51b5-50e2-8665-e7055c747c9b', 'dce623ef-801d-54b0-a2df-9358c082e29e', NULL, 'message'), ('8449f991-730b-5482-bd5d-92745fcdc6d3', 'Message #232', '2025-01-01T03:51:00.000Z', 'cca20a5f-e99c-5f19-9e22-5c14c96b90c8', '53ca15fa-2a72-5e82-bc89-999d2e699fc2', NULL, 'message'), ('19c1675f-9b1f-58be-997a-1693b56730f9', 'Message #233', '2025-01-01T03:52:00.000Z', '130a6a1e-7bef-52b4-82be-124984269e7a', '71c8f57c-aae5-5ac8-8fc0-a1ff399b17b8', NULL, 'message'), ('165813f3-9386-58b0-afdb-7129de99f8ba', 'Message #234', '2025-01-01T03:53:00.000Z', '130a6a1e-7bef-52b4-82be-124984269e7a', '4906cefc-1eec-5209-9bcc-28e8cf7c862a', NULL, 'message'), ('f119722c-4fde-59f5-93fe-72e96dd46f5d', 'Message #235', '2025-01-01T03:54:00.000Z', 'd77799ea-51b5-50e2-8665-e7055c747c9b', '6f72baed-b6f1-5fb7-a370-fb32611b758b', NULL, 'message'), ('1f314bea-2bca-5e4b-ade8-ebfb3e948d64', 'Message #236', '2025-01-01T03:55:00.000Z', '7c5a3cb4-4bd6-5f26-9553-8c4905d86b29', '698b6e50-7060-5752-b30f-c3c5d2ee3400', NULL, 'message'), ('62528705-f95d-57a5-9e12-bd9c8692f605', 'Message #237', '2025-01-01T03:56:00.000Z', '378e4176-02b4-51a2-8549-9c19aebb7eae', '2a7be9d0-8baf-50e6-b6f4-18e809a3a13b', NULL, 'message'), ('81c56f96-40bb-5059-bd12-eb4ccf36c97f', 'Message #238', '2025-01-01T03:57:00.000Z', 'cca20a5f-e99c-5f19-9e22-5c14c96b90c8', '7c59f640-9c17-52df-b8e6-924c507dbd93', NULL, 'message'), ('977edc47-3504-5d81-b849-077511b6d72e', 'Message #239', '2025-01-01T03:58:00.000Z', '57a1d39d-4a38-5056-9f77-5e984cc7c04c', '815c84a1-9088-5e6f-b1ab-0853285c0e5d', NULL, 'message'), ('c1088ce7-5ced-5992-8a5e-da1329be6769', 'Message #240', '2025-01-01T03:59:00.000Z', '983922c0-860e-5e5e-8bef-a245a99d447c', '461f046b-b8af-5c8e-95dd-0f9194531ecb', NULL, 'message'), ('b56b4f03-1ba7-5568-9f03-c794b59a1cf6', 'Message #241', '2025-01-01T04:00:00.000Z', 'a355efd3-cbd6-5018-8fb1-feff4428ea1b', '12b3f6e4-8e09-5767-b1ce-9d45589acea2', NULL, 'message'), ('0277c15f-a915-5393-a493-3bd802b33d38', 'Message #242', '2025-01-01T04:01:00.000Z', '4d081ebc-56c1-5d0c-96d0-3febc113f3de', '7deb6d46-931a-5fde-8217-398c134e7c57', NULL, 'message'), ('1a346d97-b859-5da9-b485-a0d067c0101b', 'Message #243', '2025-01-01T04:02:00.000Z', '983922c0-860e-5e5e-8bef-a245a99d447c', 'bc6c992f-6177-5b38-a99d-4c1f8bf2d0e3', NULL, 'message'), ('ec8688b1-e35f-53cb-825b-a30f43eba343', 'Message #244', '2025-01-01T04:03:00.000Z', '3a7033bf-ec8b-53f4-bfe8-91308fe941ba', '2a673d00-20b6-5c6c-901e-cee3d829089b', NULL, 'message'), ('73f6e704-c81d-5cdc-a2ea-51e259922c62', 'Message #245', '2025-01-01T04:04:00.000Z', 'dbf635af-104b-5d86-ba2f-7a5c5a2d30c9', '6b0fa178-00ff-552f-bbe4-e58bf12db321', NULL, 'message'), ('29a7cf23-c85f-5031-8219-51197f2bcf35', 'Message #246', '2025-01-01T04:05:00.000Z', '8d5b6a6c-0524-58b5-b921-d59b2483c2d2', '1bec2cb9-26e2-5649-a3d1-3758007807ab', NULL, 'message'), ('7ba788a7-27a4-545e-a9ce-929d49273f7a', 'Message #247', '2025-01-01T04:06:00.000Z', '130a6a1e-7bef-52b4-82be-124984269e7a', 'c9ea0237-6687-557a-b9a6-7641ce93392e', NULL, 'message'), ('89e23186-57f9-57fe-a56b-a1bb90d2611b', 'Message #248', '2025-01-01T04:07:00.000Z', '3a7033bf-ec8b-53f4-bfe8-91308fe941ba', 'c9ea0237-6687-557a-b9a6-7641ce93392e', NULL, 'message'), ('f1eb2dac-c07f-5b29-a8bb-2a316d29fb7f', 'Message #249', '2025-01-01T04:08:00.000Z', '9d0fcb09-4793-59b2-938c-a6211ea07f1b', '698b6e50-7060-5752-b30f-c3c5d2ee3400', NULL, 'message'), ('1adaddea-61d6-50f6-a1da-7b6a890ead38', 'Message #250', '2025-01-01T04:09:00.000Z', '3667db10-0501-59b8-bf47-b9cff6f96104', '5f2c632c-1003-5d3e-94f5-6085899aa359', NULL, 'message'), ('4bb8139f-03c4-569d-a2fc-218048ac184f', 'Message #251', '2025-01-01T04:10:00.000Z', '3436f5e3-04b4-5a0d-9a05-04e69814363b', '1b41ea89-57ab-58df-9e2e-db78e9d3b085', NULL, 'message'), ('3b5afc97-4fd9-5f43-842f-11ffe16e6fa7', 'Message #252', '2025-01-01T04:11:00.000Z', 'af27c99b-654c-59a0-b77c-06b841517065', 'fc164c49-dad6-5a8e-81ed-360794b8d0ca', NULL, 'message'), ('6172efa2-f6b6-5575-87c1-af6824dfcd61', 'Message #253', '2025-01-01T04:12:00.000Z', 'd77799ea-51b5-50e2-8665-e7055c747c9b', '9d460269-df83-57bd-a515-4a5d49cc589f', NULL, 'message'), ('70e4cd5c-c1af-57c6-94df-57b559e40d9b', 'Message #254', '2025-01-01T04:13:00.000Z', 'd77799ea-51b5-50e2-8665-e7055c747c9b', '12b3f6e4-8e09-5767-b1ce-9d45589acea2', NULL, 'message'), ('39984235-403b-537b-b558-6ebace8c4477', 'Message #255', '2025-01-01T04:14:00.000Z', '143276b7-6f56-5bcb-a843-5d0c7d61d380', 'f7030727-d86e-5990-9431-89c9c43ffd21', NULL, 'message'), ('43b2d9a6-f136-50f4-b428-8568adc64997', 'Message #256', '2025-01-01T04:15:00.000Z', '57a1d39d-4a38-5056-9f77-5e984cc7c04c', '82d62e5d-3a42-5fcc-8eba-42d842fea91a', NULL, 'message'), ('6e13e2bd-7cbe-5584-b051-a280c6232ace', 'Message #257', '2025-01-01T04:16:00.000Z', '3667db10-0501-59b8-bf47-b9cff6f96104', '0db7fbbd-8272-54b9-8a40-06c7499e4a7c', NULL, 'message'), ('adab5400-9200-5126-8ccc-e760f5c46f25', 'Message #258', '2025-01-01T04:17:00.000Z', 'e581bc2b-fdd3-5585-b012-c561b026a292', '6b0fa178-00ff-552f-bbe4-e58bf12db321', NULL, 'message'), ('48601023-d7c8-5c27-8a69-1f1a246878bd', 'Message #259', '2025-01-01T04:18:00.000Z', '60ff3161-db4b-5c61-9c49-1e4f3d58316f', '698b6e50-7060-5752-b30f-c3c5d2ee3400', NULL, 'message'), ('85d71fe5-92c5-56a5-b6ae-96a6b0b21f0f', 'Message #260', '2025-01-01T04:19:00.000Z', '57a1d39d-4a38-5056-9f77-5e984cc7c04c', '0f5d546a-dd80-5406-a005-a4f3061b9fb4', NULL, 'message'), ('98113f34-d388-55b4-b9ee-57f4fa4d4f2e', 'Message #261', '2025-01-01T04:20:00.000Z', 'af4648e0-022c-5817-b5e1-78f2f8cf8d4e', '9d460269-df83-57bd-a515-4a5d49cc589f', NULL, 'message'), ('f7142e9b-f36b-515f-89ed-355c83f47fc4', 'Message #262', '2025-01-01T04:21:00.000Z', '983922c0-860e-5e5e-8bef-a245a99d447c', 'c9ea0237-6687-557a-b9a6-7641ce93392e', NULL, 'message'), ('dbb0ce4e-4afd-5de4-b1af-3a237ed0159c', 'Message #263', '2025-01-01T04:22:00.000Z', '0da9fc58-2af3-5be7-be2f-4119d9384337', 'e40bb8e8-1a00-58c8-985e-443fc42db436', NULL, 'message'), ('1130568d-89db-5fbf-90c1-f472914fee43', 'Message #264', '2025-01-01T04:23:00.000Z', 'a355efd3-cbd6-5018-8fb1-feff4428ea1b', '7c59f640-9c17-52df-b8e6-924c507dbd93', NULL, 'message'), ('32093bb2-e638-5d14-938f-f17c69973830', 'Message #265', '2025-01-01T04:24:00.000Z', '8d5b6a6c-0524-58b5-b921-d59b2483c2d2', '0f5d546a-dd80-5406-a005-a4f3061b9fb4', NULL, 'message'), ('1950f66c-bb73-555f-8327-fe231a49023c', 'Message #266', '2025-01-01T04:25:00.000Z', '15875833-c628-5ae5-bd16-44f96466e5bc', 'e40bb8e8-1a00-58c8-985e-443fc42db436', NULL, 'message'), ('6bd311a4-dbd8-5af2-ac89-27a091025036', 'Message #267', '2025-01-01T04:26:00.000Z', '57a1d39d-4a38-5056-9f77-5e984cc7c04c', 'c9891bab-01c0-5c96-a59b-698c3e42ee76', NULL, 'message'), ('e5a6999c-faf1-5e3a-9834-4e8e2feaca88', 'Message #268', '2025-01-01T04:27:00.000Z', '51aafaec-43f0-52ae-8596-434569aa274b', '71c8f57c-aae5-5ac8-8fc0-a1ff399b17b8', NULL, 'message'), ('933c77c9-0a7e-59eb-adf0-08e43d3488a8', 'Message #269', '2025-01-01T04:28:00.000Z', 'af27c99b-654c-59a0-b77c-06b841517065', 'e40bb8e8-1a00-58c8-985e-443fc42db436', NULL, 'message'), ('71676d8e-c295-5435-933e-45d960f52848', 'Message #270', '2025-01-01T04:29:00.000Z', '27ddcfdd-0919-5f74-9266-4d08b3ccd4a8', '815c84a1-9088-5e6f-b1ab-0853285c0e5d', NULL, 'message'), ('e1d7e504-bb82-52e6-a702-e87357042893', 'Message #271', '2025-01-01T04:30:00.000Z', '130a6a1e-7bef-52b4-82be-124984269e7a', 'fc164c49-dad6-5a8e-81ed-360794b8d0ca', NULL, 'message'), ('2618bb11-25a3-5275-8344-180d14e6719a', 'Message #272', '2025-01-01T04:31:00.000Z', 'b1d23a6a-4070-53f6-a28a-3db087a6c03e', '71c8f57c-aae5-5ac8-8fc0-a1ff399b17b8', NULL, 'message'), ('dc6cc9c6-6403-54ab-9417-79a120b9bd67', 'Message #273', '2025-01-01T04:32:00.000Z', '0da9fc58-2af3-5be7-be2f-4119d9384337', 'ccdc1502-7a54-5584-94ef-46b4378648e5', NULL, 'message'), ('0786de04-b415-5c72-8bd9-3d0b73efd9a8', 'Message #274', '2025-01-01T04:33:00.000Z', '15875833-c628-5ae5-bd16-44f96466e5bc', '82d62e5d-3a42-5fcc-8eba-42d842fea91a', NULL, 'message'), ('35a79707-6617-5cd0-b860-d0d3343d907e', 'Message #275', '2025-01-01T04:34:00.000Z', '3667db10-0501-59b8-bf47-b9cff6f96104', 'aac0f0ed-ca53-5282-b36f-91e7d18d145c', NULL, 'message'), ('c6065253-9a71-591f-b045-94d2e03c20b8', 'Message #276', '2025-01-01T04:35:00.000Z', '60ff3161-db4b-5c61-9c49-1e4f3d58316f', '6b0fa178-00ff-552f-bbe4-e58bf12db321', NULL, 'message'), ('1d2de328-8de1-5acf-ba6a-fb86b95f437b', 'Message #277', '2025-01-01T04:36:00.000Z', '983922c0-860e-5e5e-8bef-a245a99d447c', '5ca75a8e-3605-5166-aa74-4e2e2fc0beef', NULL, 'message'), ('94e9d366-56e6-5f48-97bf-bb278c511c92', 'Message #278', '2025-01-01T04:37:00.000Z', '15875833-c628-5ae5-bd16-44f96466e5bc', 'b36ab93a-34cf-5d2f-8309-1f65466da6f0', NULL, 'message'), ('cde50e12-5fd9-52e4-b54e-840b90c4d01b', 'Message #279', '2025-01-01T04:38:00.000Z', 'aa293d03-a9ff-5c28-9a05-0c0566d9cf3c', '1bec2cb9-26e2-5649-a3d1-3758007807ab', NULL, 'message'), ('d3821c01-3915-5642-8e2b-b25d41054c45', 'Message #280', '2025-01-01T04:39:00.000Z', 'e581bc2b-fdd3-5585-b012-c561b026a292', '82d62e5d-3a42-5fcc-8eba-42d842fea91a', NULL, 'message'), ('142d2272-22b9-55d0-ac91-8e873d0fc460', 'Message #281', '2025-01-01T04:40:00.000Z', 'd77799ea-51b5-50e2-8665-e7055c747c9b', '5ca75a8e-3605-5166-aa74-4e2e2fc0beef', NULL, 'message'), ('ff7bd171-efb6-5b6a-b13d-607aa14c4ac7', 'Message #282', '2025-01-01T04:41:00.000Z', '3436f5e3-04b4-5a0d-9a05-04e69814363b', 'f50300db-d620-587a-a6c0-46d7f9ace912', NULL, 'message'), ('14803270-b30e-5a12-9041-c4239aac9c3d', 'Message #283', '2025-01-01T04:42:00.000Z', 'a50e5096-557e-5bed-beff-ce7a11e9e7c5', 'ccdc1502-7a54-5584-94ef-46b4378648e5', NULL, 'message'), ('a38330ab-9aa3-56ef-bef8-f269eb9972c4', 'Message #284', '2025-01-01T04:43:00.000Z', 'e581bc2b-fdd3-5585-b012-c561b026a292', '5fef9e7c-116a-5504-a6ae-d16f4442d448', NULL, 'message'), ('4a3a77e9-7cee-5058-8d03-f25ae26e2bea', 'Message #285', '2025-01-01T04:44:00.000Z', 'e581bc2b-fdd3-5585-b012-c561b026a292', '5f2c632c-1003-5d3e-94f5-6085899aa359', NULL, 'message'), ('c95b5d46-fab7-5013-a785-909776a847b2', 'Message #286', '2025-01-01T04:45:00.000Z', '143276b7-6f56-5bcb-a843-5d0c7d61d380', '4906cefc-1eec-5209-9bcc-28e8cf7c862a', NULL, 'message'), ('2f0f7b33-340b-5318-adda-83db9c76dd4e', 'Message #287', '2025-01-01T04:46:00.000Z', '27ddcfdd-0919-5f74-9266-4d08b3ccd4a8', 'e4153ca5-d012-5995-bad4-086731587974', NULL, 'message'), ('a5137a92-ee06-51d5-9c0a-c0e1f3212dbb', 'Message #288', '2025-01-01T04:47:00.000Z', 'b1f427e8-abdc-5e0a-8b88-40baf2e38d72', '95e9e489-e32a-5bf9-8fcf-918b9fd3a587', NULL, 'message'), ('94ee4c87-a6c0-58ce-89b9-3ef60a0a556d', 'Message #289', '2025-01-01T04:48:00.000Z', 'b1f427e8-abdc-5e0a-8b88-40baf2e38d72', 'aaa0c472-c765-52c5-a1b6-7022bc633ec7', NULL, 'message'), ('1f8305c5-5afd-5de6-90ac-75c491180824', 'Message #290', '2025-01-01T04:49:00.000Z', '3667db10-0501-59b8-bf47-b9cff6f96104', '698b6e50-7060-5752-b30f-c3c5d2ee3400', NULL, 'message'), ('d12f751f-8115-589b-ac9b-969d442f381f', 'Message #291', '2025-01-01T04:50:00.000Z', 'd77799ea-51b5-50e2-8665-e7055c747c9b', 'dce623ef-801d-54b0-a2df-9358c082e29e', NULL, 'message'), ('be09dd19-2d73-5fbb-a6bb-ff38fd54915b', 'Message #292', '2025-01-01T04:51:00.000Z', 'cca20a5f-e99c-5f19-9e22-5c14c96b90c8', '53ca15fa-2a72-5e82-bc89-999d2e699fc2', NULL, 'message'), ('f6e71e1f-eff3-53ef-b25c-8c14cc6c6a0f', 'Message #293', '2025-01-01T04:52:00.000Z', '130a6a1e-7bef-52b4-82be-124984269e7a', '71c8f57c-aae5-5ac8-8fc0-a1ff399b17b8', NULL, 'message'), ('10773847-e216-5e7a-b3dd-62afc024017e', 'Message #294', '2025-01-01T04:53:00.000Z', '130a6a1e-7bef-52b4-82be-124984269e7a', '4906cefc-1eec-5209-9bcc-28e8cf7c862a', NULL, 'message'), ('1861817b-2f92-5464-832e-32f31308fa56', 'Message #295', '2025-01-01T04:54:00.000Z', 'd77799ea-51b5-50e2-8665-e7055c747c9b', '6f72baed-b6f1-5fb7-a370-fb32611b758b', NULL, 'message'), ('4f3326ab-4e8f-51a0-935c-ec914d0539f8', 'Message #296', '2025-01-01T04:55:00.000Z', '7c5a3cb4-4bd6-5f26-9553-8c4905d86b29', '698b6e50-7060-5752-b30f-c3c5d2ee3400', NULL, 'message'), ('c8996411-1767-56b5-88d0-af094a436d21', 'Message #297', '2025-01-01T04:56:00.000Z', '378e4176-02b4-51a2-8549-9c19aebb7eae', '2a7be9d0-8baf-50e6-b6f4-18e809a3a13b', NULL, 'message'), ('b767807d-a343-5303-b681-162c722821d9', 'Message #298', '2025-01-01T04:57:00.000Z', 'cca20a5f-e99c-5f19-9e22-5c14c96b90c8', '7c59f640-9c17-52df-b8e6-924c507dbd93', NULL, 'message'), ('0e60d6b5-1aca-5172-a51b-6c80a97e4873', 'Message #299', '2025-01-01T04:58:00.000Z', '57a1d39d-4a38-5056-9f77-5e984cc7c04c', '815c84a1-9088-5e6f-b1ab-0853285c0e5d', NULL, 'message'), ('9cd7efe8-ee1d-5fb5-bd8d-e2b9d4a75ec3', 'Message #300', '2025-01-01T04:59:00.000Z', '983922c0-860e-5e5e-8bef-a245a99d447c', '461f046b-b8af-5c8e-95dd-0f9194531ecb', NULL, 'message'), ('c1d3f0c3-0d6c-5034-bc91-041ec5b5d6ff', 'Message #301', '2025-01-01T05:00:00.000Z', 'a355efd3-cbd6-5018-8fb1-feff4428ea1b', '12b3f6e4-8e09-5767-b1ce-9d45589acea2', NULL, 'message'), ('53a55e9d-13a2-5a30-bf0a-7aa79cf1ef83', 'Message #302', '2025-01-01T05:01:00.000Z', '4d081ebc-56c1-5d0c-96d0-3febc113f3de', '7deb6d46-931a-5fde-8217-398c134e7c57', NULL, 'message'), ('3b4fe6cd-999e-534c-8c40-cf0253dbc56f', 'Message #303', '2025-01-01T05:02:00.000Z', '983922c0-860e-5e5e-8bef-a245a99d447c', 'bc6c992f-6177-5b38-a99d-4c1f8bf2d0e3', NULL, 'message'), ('435659b9-3262-5a88-abe1-e25358a34239', 'Message #304', '2025-01-01T05:03:00.000Z', '3a7033bf-ec8b-53f4-bfe8-91308fe941ba', '2a673d00-20b6-5c6c-901e-cee3d829089b', NULL, 'message'), ('35ce0734-91b5-5594-838d-10e82a2f3911', 'Message #305', '2025-01-01T05:04:00.000Z', 'dbf635af-104b-5d86-ba2f-7a5c5a2d30c9', '6b0fa178-00ff-552f-bbe4-e58bf12db321', NULL, 'message'), ('3a510c1a-668e-56d4-bb90-a796343b2eb1', 'Message #306', '2025-01-01T05:05:00.000Z', '8d5b6a6c-0524-58b5-b921-d59b2483c2d2', '1bec2cb9-26e2-5649-a3d1-3758007807ab', NULL, 'message'), ('3930db13-ae2c-53e3-8532-8fc69b730fa1', 'Message #307', '2025-01-01T05:06:00.000Z', '130a6a1e-7bef-52b4-82be-124984269e7a', 'c9ea0237-6687-557a-b9a6-7641ce93392e', NULL, 'message'), ('aca4fd4e-b096-5dc9-aa6e-ee4c2fd6cad7', 'Message #308', '2025-01-01T05:07:00.000Z', '3a7033bf-ec8b-53f4-bfe8-91308fe941ba', 'c9ea0237-6687-557a-b9a6-7641ce93392e', NULL, 'message'), ('24923921-3d10-5fc1-8b52-b464c2d2d192', 'Message #309', '2025-01-01T05:08:00.000Z', '9d0fcb09-4793-59b2-938c-a6211ea07f1b', '698b6e50-7060-5752-b30f-c3c5d2ee3400', NULL, 'message'), ('83459d74-34de-50e7-a87c-d7f870d66bbd', 'Message #310', '2025-01-01T05:09:00.000Z', '3667db10-0501-59b8-bf47-b9cff6f96104', '5f2c632c-1003-5d3e-94f5-6085899aa359', NULL, 'message'), ('23f5513b-0201-5027-93b4-5d886f187ae8', 'Message #311', '2025-01-01T05:10:00.000Z', '3436f5e3-04b4-5a0d-9a05-04e69814363b', '1b41ea89-57ab-58df-9e2e-db78e9d3b085', NULL, 'message'), ('af1647b6-4bad-588f-8cc0-bcfe10265589', 'Message #312', '2025-01-01T05:11:00.000Z', 'af27c99b-654c-59a0-b77c-06b841517065', 'fc164c49-dad6-5a8e-81ed-360794b8d0ca', NULL, 'message'), ('47273624-1768-51da-ad85-365469282d65', 'Message #313', '2025-01-01T05:12:00.000Z', 'd77799ea-51b5-50e2-8665-e7055c747c9b', '9d460269-df83-57bd-a515-4a5d49cc589f', NULL, 'message'), ('4a1a6c6b-0e57-5792-8528-77ab4145c119', 'Message #314', '2025-01-01T05:13:00.000Z', 'd77799ea-51b5-50e2-8665-e7055c747c9b', '12b3f6e4-8e09-5767-b1ce-9d45589acea2', NULL, 'message'), ('90923478-af6e-5cc2-b186-8ff6f9b9cde2', 'Message #315', '2025-01-01T05:14:00.000Z', '143276b7-6f56-5bcb-a843-5d0c7d61d380', 'f7030727-d86e-5990-9431-89c9c43ffd21', NULL, 'message'), ('1710c58c-b1f5-5bfd-950a-a14e6601cde7', 'Message #316', '2025-01-01T05:15:00.000Z', '57a1d39d-4a38-5056-9f77-5e984cc7c04c', '82d62e5d-3a42-5fcc-8eba-42d842fea91a', NULL, 'message'), ('d44a2207-ad1a-5d28-b10e-49f5ce122d80', 'Message #317', '2025-01-01T05:16:00.000Z', '3667db10-0501-59b8-bf47-b9cff6f96104', '0db7fbbd-8272-54b9-8a40-06c7499e4a7c', NULL, 'message'), ('3b52e4a8-32e2-505f-ba0e-98a8af54fc15', 'Message #318', '2025-01-01T05:17:00.000Z', 'e581bc2b-fdd3-5585-b012-c561b026a292', '6b0fa178-00ff-552f-bbe4-e58bf12db321', NULL, 'message'), ('c5dfea62-f0d5-54b9-a52e-e7793e3e6197', 'Message #319', '2025-01-01T05:18:00.000Z', '60ff3161-db4b-5c61-9c49-1e4f3d58316f', '698b6e50-7060-5752-b30f-c3c5d2ee3400', NULL, 'message'), ('bb0be183-0dc4-5852-8f4a-69a74204dcd5', 'Message #320', '2025-01-01T05:19:00.000Z', '57a1d39d-4a38-5056-9f77-5e984cc7c04c', '0f5d546a-dd80-5406-a005-a4f3061b9fb4', NULL, 'message'), ('1652d406-baa5-5673-9c5e-63ff12ab8a76', 'Message #321', '2025-01-01T05:20:00.000Z', 'af4648e0-022c-5817-b5e1-78f2f8cf8d4e', '9d460269-df83-57bd-a515-4a5d49cc589f', NULL, 'message'), ('f29c66a7-1a33-549f-8bd7-291c7f7684b6', 'Message #322', '2025-01-01T05:21:00.000Z', '983922c0-860e-5e5e-8bef-a245a99d447c', 'c9ea0237-6687-557a-b9a6-7641ce93392e', NULL, 'message'), ('2eabcdf6-89dc-5cca-a6eb-b748503df5e9', 'Message #323', '2025-01-01T05:22:00.000Z', '0da9fc58-2af3-5be7-be2f-4119d9384337', 'e40bb8e8-1a00-58c8-985e-443fc42db436', NULL, 'message'), ('a954bf53-fdec-51ad-9cfe-a04352d6a95f', 'Message #324', '2025-01-01T05:23:00.000Z', 'a355efd3-cbd6-5018-8fb1-feff4428ea1b', '7c59f640-9c17-52df-b8e6-924c507dbd93', NULL, 'message'), ('1cd846c1-e0b9-51de-a690-60b413d95bd9', 'Message #325', '2025-01-01T05:24:00.000Z', '8d5b6a6c-0524-58b5-b921-d59b2483c2d2', '0f5d546a-dd80-5406-a005-a4f3061b9fb4', NULL, 'message'), ('f1ccd86a-0a90-52fd-a792-d9e5db6f14e7', 'Message #326', '2025-01-01T05:25:00.000Z', '15875833-c628-5ae5-bd16-44f96466e5bc', 'e40bb8e8-1a00-58c8-985e-443fc42db436', NULL, 'message'), ('b1139df1-a687-56a8-b0a1-5ecacc39200d', 'Message #327', '2025-01-01T05:26:00.000Z', '57a1d39d-4a38-5056-9f77-5e984cc7c04c', 'c9891bab-01c0-5c96-a59b-698c3e42ee76', NULL, 'message'), ('6898b21e-d475-5b93-96de-ac05547e8676', 'Message #328', '2025-01-01T05:27:00.000Z', '51aafaec-43f0-52ae-8596-434569aa274b', '71c8f57c-aae5-5ac8-8fc0-a1ff399b17b8', NULL, 'message'), ('321eb940-21f1-56a4-a199-01ea38a4eabc', 'Message #329', '2025-01-01T05:28:00.000Z', 'af27c99b-654c-59a0-b77c-06b841517065', 'e40bb8e8-1a00-58c8-985e-443fc42db436', NULL, 'message'), ('463e15be-14c4-5c7e-bdc5-8cc5e234ebad', 'Message #330', '2025-01-01T05:29:00.000Z', '27ddcfdd-0919-5f74-9266-4d08b3ccd4a8', '815c84a1-9088-5e6f-b1ab-0853285c0e5d', NULL, 'message'), ('8b88e514-c3ca-5159-8270-86af9e6f7bb4', 'Message #331', '2025-01-01T05:30:00.000Z', '130a6a1e-7bef-52b4-82be-124984269e7a', 'fc164c49-dad6-5a8e-81ed-360794b8d0ca', NULL, 'message'), ('e7c1e8a0-7ace-59bd-ba8a-6e85d9b6c368', 'Message #332', '2025-01-01T05:31:00.000Z', 'b1d23a6a-4070-53f6-a28a-3db087a6c03e', '71c8f57c-aae5-5ac8-8fc0-a1ff399b17b8', NULL, 'message'), ('6eb6dd9d-133f-5e30-b21f-ae253757721f', 'Message #333', '2025-01-01T05:32:00.000Z', '0da9fc58-2af3-5be7-be2f-4119d9384337', 'ccdc1502-7a54-5584-94ef-46b4378648e5', NULL, 'message'), ('553f6624-ed39-5ba2-9be7-f022ed85c16e', 'Message #334', '2025-01-01T05:33:00.000Z', '15875833-c628-5ae5-bd16-44f96466e5bc', '82d62e5d-3a42-5fcc-8eba-42d842fea91a', NULL, 'message'), ('9777e16c-fd4c-5d4a-9990-17695b7c6d8c', 'Message #335', '2025-01-01T05:34:00.000Z', '3667db10-0501-59b8-bf47-b9cff6f96104', 'aac0f0ed-ca53-5282-b36f-91e7d18d145c', NULL, 'message'), ('7c3eff24-0002-59bd-b2e7-f9a2a5a0a570', 'Message #336', '2025-01-01T05:35:00.000Z', '60ff3161-db4b-5c61-9c49-1e4f3d58316f', '6b0fa178-00ff-552f-bbe4-e58bf12db321', NULL, 'message'), ('4330ec51-5446-5eb0-8221-47d43a0b44aa', 'Message #337', '2025-01-01T05:36:00.000Z', '983922c0-860e-5e5e-8bef-a245a99d447c', '5ca75a8e-3605-5166-aa74-4e2e2fc0beef', NULL, 'message'), ('f028f49a-a0df-570a-9cd4-ba6df9a3de39', 'Message #338', '2025-01-01T05:37:00.000Z', '15875833-c628-5ae5-bd16-44f96466e5bc', 'b36ab93a-34cf-5d2f-8309-1f65466da6f0', NULL, 'message'), ('46e75144-1c99-5cdf-ba06-22fcecc48a1d', 'Message #339', '2025-01-01T05:38:00.000Z', 'aa293d03-a9ff-5c28-9a05-0c0566d9cf3c', '1bec2cb9-26e2-5649-a3d1-3758007807ab', NULL, 'message'), ('6cc56396-d5ed-5fd4-867c-0e8f673b4be5', 'Message #340', '2025-01-01T05:39:00.000Z', 'e581bc2b-fdd3-5585-b012-c561b026a292', '82d62e5d-3a42-5fcc-8eba-42d842fea91a', NULL, 'message'), ('4e87f8e6-88dc-5908-b836-05b3020a8139', 'Message #341', '2025-01-01T05:40:00.000Z', 'd77799ea-51b5-50e2-8665-e7055c747c9b', '5ca75a8e-3605-5166-aa74-4e2e2fc0beef', NULL, 'message'), ('2940c439-79f2-5adc-a786-77811c6de61c', 'Message #342', '2025-01-01T05:41:00.000Z', '3436f5e3-04b4-5a0d-9a05-04e69814363b', 'f50300db-d620-587a-a6c0-46d7f9ace912', NULL, 'message'), ('db457880-3b9c-5308-b13b-ede67961878b', 'Message #343', '2025-01-01T05:42:00.000Z', 'a50e5096-557e-5bed-beff-ce7a11e9e7c5', 'ccdc1502-7a54-5584-94ef-46b4378648e5', NULL, 'message'), ('00974a98-bcb7-54ed-8b0e-de2a12be9967', 'Message #344', '2025-01-01T05:43:00.000Z', 'e581bc2b-fdd3-5585-b012-c561b026a292', '5fef9e7c-116a-5504-a6ae-d16f4442d448', NULL, 'message'), ('c7bb4066-f95e-5f1d-bf97-8cfffc7c39c5', 'Message #345', '2025-01-01T05:44:00.000Z', 'e581bc2b-fdd3-5585-b012-c561b026a292', '5f2c632c-1003-5d3e-94f5-6085899aa359', NULL, 'message'), ('88466709-f3de-59e1-bc73-8a1043ac082d', 'Message #346', '2025-01-01T05:45:00.000Z', '143276b7-6f56-5bcb-a843-5d0c7d61d380', '4906cefc-1eec-5209-9bcc-28e8cf7c862a', NULL, 'message'), ('020932f0-3063-5dfc-8bee-bac51ab726dc', 'Message #347', '2025-01-01T05:46:00.000Z', '27ddcfdd-0919-5f74-9266-4d08b3ccd4a8', 'e4153ca5-d012-5995-bad4-086731587974', NULL, 'message'), ('9b2d046c-20e5-5b46-a17c-32aaca1b3e9a', 'Message #348', '2025-01-01T05:47:00.000Z', 'b1f427e8-abdc-5e0a-8b88-40baf2e38d72', '95e9e489-e32a-5bf9-8fcf-918b9fd3a587', NULL, 'message'), ('895341da-b8c7-5244-8fbd-ec4bb2995b6b', 'Message #349', '2025-01-01T05:48:00.000Z', 'b1f427e8-abdc-5e0a-8b88-40baf2e38d72', 'aaa0c472-c765-52c5-a1b6-7022bc633ec7', NULL, 'message'), ('7d975bb3-33b0-59d5-a1ec-cf521299744a', 'Message #350', '2025-01-01T05:49:00.000Z', '3667db10-0501-59b8-bf47-b9cff6f96104', '698b6e50-7060-5752-b30f-c3c5d2ee3400', NULL, 'message'), ('804f0da1-ee5e-5126-af69-c0ecc3e0adb0', 'Message #351', '2025-01-01T05:50:00.000Z', 'd77799ea-51b5-50e2-8665-e7055c747c9b', 'dce623ef-801d-54b0-a2df-9358c082e29e', NULL, 'message'), ('46219c22-6b96-58ac-b780-c71722daaec5', 'Message #352', '2025-01-01T05:51:00.000Z', 'cca20a5f-e99c-5f19-9e22-5c14c96b90c8', '53ca15fa-2a72-5e82-bc89-999d2e699fc2', NULL, 'message'), ('a9928b91-17f5-5b9c-81f3-b17bfc23da8f', 'Message #353', '2025-01-01T05:52:00.000Z', '130a6a1e-7bef-52b4-82be-124984269e7a', '71c8f57c-aae5-5ac8-8fc0-a1ff399b17b8', NULL, 'message'), ('c5042d4e-d9de-5997-b807-7833176bf435', 'Message #354', '2025-01-01T05:53:00.000Z', '130a6a1e-7bef-52b4-82be-124984269e7a', '4906cefc-1eec-5209-9bcc-28e8cf7c862a', NULL, 'message'), ('60f281d4-59f4-55cd-af70-eff3d42d25e7', 'Message #355', '2025-01-01T05:54:00.000Z', 'd77799ea-51b5-50e2-8665-e7055c747c9b', '6f72baed-b6f1-5fb7-a370-fb32611b758b', NULL, 'message'), ('ac17abc1-a71d-5a79-81f7-ea1dec6c9241', 'Message #356', '2025-01-01T05:55:00.000Z', '7c5a3cb4-4bd6-5f26-9553-8c4905d86b29', '698b6e50-7060-5752-b30f-c3c5d2ee3400', NULL, 'message'), ('c119d9e7-b02f-577b-b673-3d4eeabb8f27', 'Message #357', '2025-01-01T05:56:00.000Z', '378e4176-02b4-51a2-8549-9c19aebb7eae', '2a7be9d0-8baf-50e6-b6f4-18e809a3a13b', NULL, 'message'), ('b8c8ec83-a724-54e7-ad03-e30b18bee72b', 'Message #358', '2025-01-01T05:57:00.000Z', 'cca20a5f-e99c-5f19-9e22-5c14c96b90c8', '7c59f640-9c17-52df-b8e6-924c507dbd93', NULL, 'message'), ('9a537f64-80e8-5e47-803b-1e01597d83b8', 'Message #359', '2025-01-01T05:58:00.000Z', '57a1d39d-4a38-5056-9f77-5e984cc7c04c', '815c84a1-9088-5e6f-b1ab-0853285c0e5d', NULL, 'message'), ('57375e9e-4d66-5fe6-9e2f-0f1d8aa7c93c', 'Message #360', '2025-01-01T05:59:00.000Z', '983922c0-860e-5e5e-8bef-a245a99d447c', '461f046b-b8af-5c8e-95dd-0f9194531ecb', NULL, 'message'), ('bf95feab-1789-50df-a3d4-32cadf8b69e1', 'Message #361', '2025-01-01T06:00:00.000Z', 'a355efd3-cbd6-5018-8fb1-feff4428ea1b', '12b3f6e4-8e09-5767-b1ce-9d45589acea2', NULL, 'message'), ('b785fa9f-f2de-5ec5-be8d-8efd0b7ef606', 'Message #362', '2025-01-01T06:01:00.000Z', '4d081ebc-56c1-5d0c-96d0-3febc113f3de', '7deb6d46-931a-5fde-8217-398c134e7c57', NULL, 'message'), ('0cde1859-c194-5199-a02c-41e002de5d78', 'Message #363', '2025-01-01T06:02:00.000Z', '983922c0-860e-5e5e-8bef-a245a99d447c', 'bc6c992f-6177-5b38-a99d-4c1f8bf2d0e3', NULL, 'message'), ('385e77d8-a2fc-54d2-92e3-ed9b66edd7ce', 'Message #364', '2025-01-01T06:03:00.000Z', '3a7033bf-ec8b-53f4-bfe8-91308fe941ba', '2a673d00-20b6-5c6c-901e-cee3d829089b', NULL, 'message'), ('eab7d021-55d8-5cc1-930e-b40ba2f8bde7', 'Message #365', '2025-01-01T06:04:00.000Z', 'dbf635af-104b-5d86-ba2f-7a5c5a2d30c9', '6b0fa178-00ff-552f-bbe4-e58bf12db321', NULL, 'message'), ('51f415b2-663c-5b04-be84-8dca91c13839', 'Message #366', '2025-01-01T06:05:00.000Z', '8d5b6a6c-0524-58b5-b921-d59b2483c2d2', '1bec2cb9-26e2-5649-a3d1-3758007807ab', NULL, 'message'), ('9c88a38e-e894-55e6-8321-d6a5460dcf4d', 'Message #367', '2025-01-01T06:06:00.000Z', '130a6a1e-7bef-52b4-82be-124984269e7a', 'c9ea0237-6687-557a-b9a6-7641ce93392e', NULL, 'message'), ('cd519803-75d5-56c4-a1a1-3b7d17a90d44', 'Message #368', '2025-01-01T06:07:00.000Z', '3a7033bf-ec8b-53f4-bfe8-91308fe941ba', 'c9ea0237-6687-557a-b9a6-7641ce93392e', NULL, 'message'), ('854c4ef5-0a59-51b1-9e5b-e8a154616d8e', 'Message #369', '2025-01-01T06:08:00.000Z', '9d0fcb09-4793-59b2-938c-a6211ea07f1b', '698b6e50-7060-5752-b30f-c3c5d2ee3400', NULL, 'message'), ('a2617273-66ff-5199-9231-ad5577833c82', 'Message #370', '2025-01-01T06:09:00.000Z', '3667db10-0501-59b8-bf47-b9cff6f96104', '5f2c632c-1003-5d3e-94f5-6085899aa359', NULL, 'message'), ('aacc72d9-46a6-5c4a-8c46-47b462f3fabd', 'Message #371', '2025-01-01T06:10:00.000Z', '3436f5e3-04b4-5a0d-9a05-04e69814363b', '1b41ea89-57ab-58df-9e2e-db78e9d3b085', NULL, 'message'), ('52a978cd-0f31-5b78-ab8c-d42a69974798', 'Message #372', '2025-01-01T06:11:00.000Z', 'af27c99b-654c-59a0-b77c-06b841517065', 'fc164c49-dad6-5a8e-81ed-360794b8d0ca', NULL, 'message'), ('16560578-2aa3-5de4-9f81-33e41389d991', 'Message #373', '2025-01-01T06:12:00.000Z', 'd77799ea-51b5-50e2-8665-e7055c747c9b', '9d460269-df83-57bd-a515-4a5d49cc589f', NULL, 'message'), ('4d6227a7-4a57-53e4-8b76-3676058891b5', 'Message #374', '2025-01-01T06:13:00.000Z', 'd77799ea-51b5-50e2-8665-e7055c747c9b', '12b3f6e4-8e09-5767-b1ce-9d45589acea2', NULL, 'message'), ('60394bfd-9153-5dd1-9570-765a40a50748', 'Message #375', '2025-01-01T06:14:00.000Z', '143276b7-6f56-5bcb-a843-5d0c7d61d380', 'f7030727-d86e-5990-9431-89c9c43ffd21', NULL, 'message'), ('9f4372b5-bd00-5f67-b4e7-192dcb1b91d3', 'Message #376', '2025-01-01T06:15:00.000Z', '57a1d39d-4a38-5056-9f77-5e984cc7c04c', '82d62e5d-3a42-5fcc-8eba-42d842fea91a', NULL, 'message'), ('a0dde5f7-294d-5a9e-b0b5-67ff5baf5445', 'Message #377', '2025-01-01T06:16:00.000Z', '3667db10-0501-59b8-bf47-b9cff6f96104', '0db7fbbd-8272-54b9-8a40-06c7499e4a7c', NULL, 'message'), ('1b6d231a-cbb1-5f33-b373-e6859af2964b', 'Message #378', '2025-01-01T06:17:00.000Z', 'e581bc2b-fdd3-5585-b012-c561b026a292', '6b0fa178-00ff-552f-bbe4-e58bf12db321', NULL, 'message'), ('8ed1d1b2-4b63-5b2c-b93c-5765e47ee590', 'Message #379', '2025-01-01T06:18:00.000Z', '60ff3161-db4b-5c61-9c49-1e4f3d58316f', '698b6e50-7060-5752-b30f-c3c5d2ee3400', NULL, 'message'), ('d25ca6dc-5a5a-5e7a-bd20-e2b1d00c3985', 'Message #380', '2025-01-01T06:19:00.000Z', '57a1d39d-4a38-5056-9f77-5e984cc7c04c', '0f5d546a-dd80-5406-a005-a4f3061b9fb4', NULL, 'message'), ('6c92c9d7-ab07-5b69-a8b7-09128f6606c8', 'Message #381', '2025-01-01T06:20:00.000Z', 'af4648e0-022c-5817-b5e1-78f2f8cf8d4e', '9d460269-df83-57bd-a515-4a5d49cc589f', NULL, 'message'), ('34ae0525-14e5-5825-978a-f18249ad1f5a', 'Message #382', '2025-01-01T06:21:00.000Z', '983922c0-860e-5e5e-8bef-a245a99d447c', 'c9ea0237-6687-557a-b9a6-7641ce93392e', NULL, 'message'), ('e0a00373-4f7d-5f05-8ab8-86d8fa0904ba', 'Message #383', '2025-01-01T06:22:00.000Z', '0da9fc58-2af3-5be7-be2f-4119d9384337', 'e40bb8e8-1a00-58c8-985e-443fc42db436', NULL, 'message'), ('8ccf8760-6279-5ca4-83ce-cb146ef25cd9', 'Message #384', '2025-01-01T06:23:00.000Z', 'a355efd3-cbd6-5018-8fb1-feff4428ea1b', '7c59f640-9c17-52df-b8e6-924c507dbd93', NULL, 'message'), ('6bdf79dc-071e-57a8-a539-4b6bb6b0572b', 'Message #385', '2025-01-01T06:24:00.000Z', '8d5b6a6c-0524-58b5-b921-d59b2483c2d2', '0f5d546a-dd80-5406-a005-a4f3061b9fb4', NULL, 'message'), ('bf4c4fd8-d707-5e98-aa2c-d095b18ce251', 'Message #386', '2025-01-01T06:25:00.000Z', '15875833-c628-5ae5-bd16-44f96466e5bc', 'e40bb8e8-1a00-58c8-985e-443fc42db436', NULL, 'message'), ('3ac65e43-d463-5167-939c-2b254cb193d3', 'Message #387', '2025-01-01T06:26:00.000Z', '57a1d39d-4a38-5056-9f77-5e984cc7c04c', 'c9891bab-01c0-5c96-a59b-698c3e42ee76', NULL, 'message'), ('7f8884b6-0813-533a-af5c-e9673615a3fd', 'Message #388', '2025-01-01T06:27:00.000Z', '51aafaec-43f0-52ae-8596-434569aa274b', '71c8f57c-aae5-5ac8-8fc0-a1ff399b17b8', NULL, 'message'), ('3c118f74-c436-5fa7-ac95-0762674e097d', 'Message #389', '2025-01-01T06:28:00.000Z', 'af27c99b-654c-59a0-b77c-06b841517065', 'e40bb8e8-1a00-58c8-985e-443fc42db436', NULL, 'message'), ('35a85a71-604d-5db0-8ee0-087e56764d54', 'Message #390', '2025-01-01T06:29:00.000Z', '27ddcfdd-0919-5f74-9266-4d08b3ccd4a8', '815c84a1-9088-5e6f-b1ab-0853285c0e5d', NULL, 'message'), ('88b1d2fd-c41e-5b65-83e7-489e37bbaf41', 'Message #391', '2025-01-01T06:30:00.000Z', '130a6a1e-7bef-52b4-82be-124984269e7a', 'fc164c49-dad6-5a8e-81ed-360794b8d0ca', NULL, 'message'), ('74a76af9-020a-5bfb-8293-ac9eb72a253f', 'Message #392', '2025-01-01T06:31:00.000Z', 'b1d23a6a-4070-53f6-a28a-3db087a6c03e', '71c8f57c-aae5-5ac8-8fc0-a1ff399b17b8', NULL, 'message'), ('670f4929-c5f6-5864-ab10-26a9f2dc8cfa', 'Message #393', '2025-01-01T06:32:00.000Z', '0da9fc58-2af3-5be7-be2f-4119d9384337', 'ccdc1502-7a54-5584-94ef-46b4378648e5', NULL, 'message'), ('e0f0bd3a-621b-5265-9f39-1fbd4508c58d', 'Message #394', '2025-01-01T06:33:00.000Z', '15875833-c628-5ae5-bd16-44f96466e5bc', '82d62e5d-3a42-5fcc-8eba-42d842fea91a', NULL, 'message'), ('9185098d-528b-569c-8cf1-f7cca62ce502', 'Message #395', '2025-01-01T06:34:00.000Z', '3667db10-0501-59b8-bf47-b9cff6f96104', 'aac0f0ed-ca53-5282-b36f-91e7d18d145c', NULL, 'message'), ('f7ae41d8-d2c3-52d9-92f5-9b20cf306ac3', 'Message #396', '2025-01-01T06:35:00.000Z', '60ff3161-db4b-5c61-9c49-1e4f3d58316f', '6b0fa178-00ff-552f-bbe4-e58bf12db321', NULL, 'message'), ('f55c71f7-41f4-536c-a70e-22a970731a97', 'Message #397', '2025-01-01T06:36:00.000Z', '983922c0-860e-5e5e-8bef-a245a99d447c', '5ca75a8e-3605-5166-aa74-4e2e2fc0beef', NULL, 'message'), ('9df4a624-7477-5ece-964a-cb90d2a5800f', 'Message #398', '2025-01-01T06:37:00.000Z', '15875833-c628-5ae5-bd16-44f96466e5bc', 'b36ab93a-34cf-5d2f-8309-1f65466da6f0', NULL, 'message'), ('09196e74-f794-51b5-8ada-de05d0fe4b6a', 'Message #399', '2025-01-01T06:38:00.000Z', 'aa293d03-a9ff-5c28-9a05-0c0566d9cf3c', '1bec2cb9-26e2-5649-a3d1-3758007807ab', NULL, 'message'), ('a9387bf8-03a6-5ca8-86c2-5f3affd281f3', 'Message #400', '2025-01-01T06:39:00.000Z', 'e581bc2b-fdd3-5585-b012-c561b026a292', '82d62e5d-3a42-5fcc-8eba-42d842fea91a', NULL, 'message'), ('4f7616e8-f945-579b-ac2e-a428f1560ac4', 'Message #401', '2025-01-01T06:40:00.000Z', 'd77799ea-51b5-50e2-8665-e7055c747c9b', '5ca75a8e-3605-5166-aa74-4e2e2fc0beef', NULL, 'message'), ('64e0ba3a-cee9-59b5-b6cd-444072f71988', 'Message #402', '2025-01-01T06:41:00.000Z', '3436f5e3-04b4-5a0d-9a05-04e69814363b', 'f50300db-d620-587a-a6c0-46d7f9ace912', NULL, 'message'), ('7656ce75-de2a-5d8d-ad31-014a29e507c2', 'Message #403', '2025-01-01T06:42:00.000Z', 'a50e5096-557e-5bed-beff-ce7a11e9e7c5', 'ccdc1502-7a54-5584-94ef-46b4378648e5', NULL, 'message'), ('f3c4d9d2-b31a-5493-aa22-10852c747f6d', 'Message #404', '2025-01-01T06:43:00.000Z', 'e581bc2b-fdd3-5585-b012-c561b026a292', '5fef9e7c-116a-5504-a6ae-d16f4442d448', NULL, 'message'), ('0b0b3548-afd6-5867-98e8-483fca7dd56f', 'Message #405', '2025-01-01T06:44:00.000Z', 'e581bc2b-fdd3-5585-b012-c561b026a292', '5f2c632c-1003-5d3e-94f5-6085899aa359', NULL, 'message'), ('441edcfa-0e12-5def-bc7e-466cf5f77aab', 'Message #406', '2025-01-01T06:45:00.000Z', '143276b7-6f56-5bcb-a843-5d0c7d61d380', '4906cefc-1eec-5209-9bcc-28e8cf7c862a', NULL, 'message'), ('fb55aeb3-f47c-5725-9a70-aa65086435b7', 'Message #407', '2025-01-01T06:46:00.000Z', '27ddcfdd-0919-5f74-9266-4d08b3ccd4a8', 'e4153ca5-d012-5995-bad4-086731587974', NULL, 'message'), ('42d8cbe0-386d-5df8-87a8-473b9ff63b7c', 'Message #408', '2025-01-01T06:47:00.000Z', 'b1f427e8-abdc-5e0a-8b88-40baf2e38d72', '95e9e489-e32a-5bf9-8fcf-918b9fd3a587', NULL, 'message'), ('b27fc838-9bca-57f4-8181-11cccf3d3b40', 'Message #409', '2025-01-01T06:48:00.000Z', 'b1f427e8-abdc-5e0a-8b88-40baf2e38d72', 'aaa0c472-c765-52c5-a1b6-7022bc633ec7', NULL, 'message'), ('83cff73c-f669-5dae-8839-7f30b1c8b858', 'Message #410', '2025-01-01T06:49:00.000Z', '3667db10-0501-59b8-bf47-b9cff6f96104', '698b6e50-7060-5752-b30f-c3c5d2ee3400', NULL, 'message'), ('c08ef6f0-4192-5c81-abfc-2674de81725c', 'Message #411', '2025-01-01T06:50:00.000Z', 'd77799ea-51b5-50e2-8665-e7055c747c9b', 'dce623ef-801d-54b0-a2df-9358c082e29e', NULL, 'message'), ('ecf0fcfb-44b1-5429-9a8e-68a07345a290', 'Message #412', '2025-01-01T06:51:00.000Z', 'cca20a5f-e99c-5f19-9e22-5c14c96b90c8', '53ca15fa-2a72-5e82-bc89-999d2e699fc2', NULL, 'message'), ('f1158ba2-3c64-5345-99df-67387123b28e', 'Message #413', '2025-01-01T06:52:00.000Z', '130a6a1e-7bef-52b4-82be-124984269e7a', '71c8f57c-aae5-5ac8-8fc0-a1ff399b17b8', NULL, 'message'), ('8ed2c2a6-7aae-5d83-a2b3-35eea8467da3', 'Message #414', '2025-01-01T06:53:00.000Z', '130a6a1e-7bef-52b4-82be-124984269e7a', '4906cefc-1eec-5209-9bcc-28e8cf7c862a', NULL, 'message'), ('558f35a7-1a5b-504e-a05a-f336bff3c896', 'Message #415', '2025-01-01T06:54:00.000Z', 'd77799ea-51b5-50e2-8665-e7055c747c9b', '6f72baed-b6f1-5fb7-a370-fb32611b758b', NULL, 'message'), ('757f7b2f-6095-5a0c-94df-941eeaae816c', 'Message #416', '2025-01-01T06:55:00.000Z', '7c5a3cb4-4bd6-5f26-9553-8c4905d86b29', '698b6e50-7060-5752-b30f-c3c5d2ee3400', NULL, 'message'), ('9b3b92c6-bc9c-5981-9957-afda5452e212', 'Message #417', '2025-01-01T06:56:00.000Z', '378e4176-02b4-51a2-8549-9c19aebb7eae', '2a7be9d0-8baf-50e6-b6f4-18e809a3a13b', NULL, 'message'), ('79b6bb80-93ff-582f-a2c2-98ab9a6c73c2', 'Message #418', '2025-01-01T06:57:00.000Z', 'cca20a5f-e99c-5f19-9e22-5c14c96b90c8', '7c59f640-9c17-52df-b8e6-924c507dbd93', NULL, 'message'), ('38185831-9d00-5db9-8b46-c17f57493c8f', 'Message #419', '2025-01-01T06:58:00.000Z', '57a1d39d-4a38-5056-9f77-5e984cc7c04c', '815c84a1-9088-5e6f-b1ab-0853285c0e5d', NULL, 'message'), ('efb6ccc3-92fd-5188-be9f-e2d91f6e5292', 'Message #420', '2025-01-01T06:59:00.000Z', '983922c0-860e-5e5e-8bef-a245a99d447c', '461f046b-b8af-5c8e-95dd-0f9194531ecb', NULL, 'message'), ('aa44eda7-9f3b-5dab-b4ac-deb74246307c', 'Message #421', '2025-01-01T07:00:00.000Z', 'a355efd3-cbd6-5018-8fb1-feff4428ea1b', '12b3f6e4-8e09-5767-b1ce-9d45589acea2', NULL, 'message'), ('2965ab76-d66d-5b8a-bb99-be8aa7de3d70', 'Message #422', '2025-01-01T07:01:00.000Z', '4d081ebc-56c1-5d0c-96d0-3febc113f3de', '7deb6d46-931a-5fde-8217-398c134e7c57', NULL, 'message'), ('8ef9247d-c6e4-5a0b-8e4d-be0b05e2f001', 'Message #423', '2025-01-01T07:02:00.000Z', '983922c0-860e-5e5e-8bef-a245a99d447c', 'bc6c992f-6177-5b38-a99d-4c1f8bf2d0e3', NULL, 'message'), ('fba45cc7-a5a0-50a7-8252-4b62a6f74f5d', 'Message #424', '2025-01-01T07:03:00.000Z', '3a7033bf-ec8b-53f4-bfe8-91308fe941ba', '2a673d00-20b6-5c6c-901e-cee3d829089b', NULL, 'message'), ('3341556c-c9c8-5b55-8f4a-94456726cabc', 'Message #425', '2025-01-01T07:04:00.000Z', 'dbf635af-104b-5d86-ba2f-7a5c5a2d30c9', '6b0fa178-00ff-552f-bbe4-e58bf12db321', NULL, 'message'), ('ccf14a61-9de5-59ad-8620-09a44bbfa095', 'Message #426', '2025-01-01T07:05:00.000Z', '8d5b6a6c-0524-58b5-b921-d59b2483c2d2', '1bec2cb9-26e2-5649-a3d1-3758007807ab', NULL, 'message'), ('9e341055-f5fd-5767-ad50-592856f60a03', 'Message #427', '2025-01-01T07:06:00.000Z', '130a6a1e-7bef-52b4-82be-124984269e7a', 'c9ea0237-6687-557a-b9a6-7641ce93392e', NULL, 'message'), ('41120e05-9345-5ea3-a0bb-3548d90f7cba', 'Message #428', '2025-01-01T07:07:00.000Z', '3a7033bf-ec8b-53f4-bfe8-91308fe941ba', 'c9ea0237-6687-557a-b9a6-7641ce93392e', NULL, 'message'), ('63563f16-dc48-56bb-8217-fd0e54815395', 'Message #429', '2025-01-01T07:08:00.000Z', '9d0fcb09-4793-59b2-938c-a6211ea07f1b', '698b6e50-7060-5752-b30f-c3c5d2ee3400', NULL, 'message'), ('2ad557f8-4050-5aec-9d7c-60858743a0fc', 'Message #430', '2025-01-01T07:09:00.000Z', '3667db10-0501-59b8-bf47-b9cff6f96104', '5f2c632c-1003-5d3e-94f5-6085899aa359', NULL, 'message'), ('1f39ddfe-b145-5ebd-b243-8f0ca2c48332', 'Message #431', '2025-01-01T07:10:00.000Z', '3436f5e3-04b4-5a0d-9a05-04e69814363b', '1b41ea89-57ab-58df-9e2e-db78e9d3b085', NULL, 'message'), ('99bf120f-e0be-518d-b90a-807f20943bbc', 'Message #432', '2025-01-01T07:11:00.000Z', 'af27c99b-654c-59a0-b77c-06b841517065', 'fc164c49-dad6-5a8e-81ed-360794b8d0ca', NULL, 'message'), ('850c59c6-8b0c-5750-b01a-e4457ccb012f', 'Message #433', '2025-01-01T07:12:00.000Z', 'd77799ea-51b5-50e2-8665-e7055c747c9b', '9d460269-df83-57bd-a515-4a5d49cc589f', NULL, 'message'), ('bbcf8e4b-cd8d-5380-a12c-6859d6bb5f9d', 'Message #434', '2025-01-01T07:13:00.000Z', 'd77799ea-51b5-50e2-8665-e7055c747c9b', '12b3f6e4-8e09-5767-b1ce-9d45589acea2', NULL, 'message'), ('03285b6e-0b6d-5132-b434-9561dc10692b', 'Message #435', '2025-01-01T07:14:00.000Z', '143276b7-6f56-5bcb-a843-5d0c7d61d380', 'f7030727-d86e-5990-9431-89c9c43ffd21', NULL, 'message'), ('15aa9c94-7333-587e-8896-3a7f5ad79745', 'Message #436', '2025-01-01T07:15:00.000Z', '57a1d39d-4a38-5056-9f77-5e984cc7c04c', '82d62e5d-3a42-5fcc-8eba-42d842fea91a', NULL, 'message'), ('0f80d7da-c246-5c76-b1df-e10b44b58c2f', 'Message #437', '2025-01-01T07:16:00.000Z', '3667db10-0501-59b8-bf47-b9cff6f96104', '0db7fbbd-8272-54b9-8a40-06c7499e4a7c', NULL, 'message'), ('91b9862d-b7b8-59c8-ad44-687845059e62', 'Message #438', '2025-01-01T07:17:00.000Z', 'e581bc2b-fdd3-5585-b012-c561b026a292', '6b0fa178-00ff-552f-bbe4-e58bf12db321', NULL, 'message'), ('418e8ac9-0fa9-55f9-95e2-6e0b4a85787a', 'Message #439', '2025-01-01T07:18:00.000Z', '60ff3161-db4b-5c61-9c49-1e4f3d58316f', '698b6e50-7060-5752-b30f-c3c5d2ee3400', NULL, 'message'), ('24e4a460-0dd6-50e2-80cc-1949c362a773', 'Message #440', '2025-01-01T07:19:00.000Z', '57a1d39d-4a38-5056-9f77-5e984cc7c04c', '0f5d546a-dd80-5406-a005-a4f3061b9fb4', NULL, 'message'), ('b8aba1d0-15f0-53e9-96de-2060c8fdcf6a', 'Message #441', '2025-01-01T07:20:00.000Z', 'af4648e0-022c-5817-b5e1-78f2f8cf8d4e', '9d460269-df83-57bd-a515-4a5d49cc589f', NULL, 'message'), ('e381eac5-4796-5785-be0b-f6c991103358', 'Message #442', '2025-01-01T07:21:00.000Z', '983922c0-860e-5e5e-8bef-a245a99d447c', 'c9ea0237-6687-557a-b9a6-7641ce93392e', NULL, 'message'), ('2950d6af-5f0c-5118-ab20-3d5c7cd031ba', 'Message #443', '2025-01-01T07:22:00.000Z', '0da9fc58-2af3-5be7-be2f-4119d9384337', 'e40bb8e8-1a00-58c8-985e-443fc42db436', NULL, 'message'), ('027548c5-e087-513c-8e0d-1697ce090831', 'Message #444', '2025-01-01T07:23:00.000Z', 'a355efd3-cbd6-5018-8fb1-feff4428ea1b', '7c59f640-9c17-52df-b8e6-924c507dbd93', NULL, 'message'), ('69481933-0570-59df-9c91-a777e81a438b', 'Message #445', '2025-01-01T07:24:00.000Z', '8d5b6a6c-0524-58b5-b921-d59b2483c2d2', '0f5d546a-dd80-5406-a005-a4f3061b9fb4', NULL, 'message'), ('81ea067d-5986-5d03-b012-71c65686be6e', 'Message #446', '2025-01-01T07:25:00.000Z', '15875833-c628-5ae5-bd16-44f96466e5bc', 'e40bb8e8-1a00-58c8-985e-443fc42db436', NULL, 'message'), ('a8bf5fc2-1374-5831-a83a-b82996173977', 'Message #447', '2025-01-01T07:26:00.000Z', '57a1d39d-4a38-5056-9f77-5e984cc7c04c', 'c9891bab-01c0-5c96-a59b-698c3e42ee76', NULL, 'message'), ('6ba13d50-9d2a-5a47-b0db-98cc1d465e32', 'Message #448', '2025-01-01T07:27:00.000Z', '51aafaec-43f0-52ae-8596-434569aa274b', '71c8f57c-aae5-5ac8-8fc0-a1ff399b17b8', NULL, 'message'), ('726a771f-71bb-5e09-8a68-e0c97e5deee4', 'Message #449', '2025-01-01T07:28:00.000Z', 'af27c99b-654c-59a0-b77c-06b841517065', 'e40bb8e8-1a00-58c8-985e-443fc42db436', NULL, 'message'), ('38f81a0d-a99e-5dfa-8a4a-af0c4d00ac67', 'Message #450', '2025-01-01T07:29:00.000Z', '27ddcfdd-0919-5f74-9266-4d08b3ccd4a8', '815c84a1-9088-5e6f-b1ab-0853285c0e5d', NULL, 'message'), ('970acda1-6e39-5367-bc9c-7d0afcde9fde', 'Message #451', '2025-01-01T07:30:00.000Z', '130a6a1e-7bef-52b4-82be-124984269e7a', 'fc164c49-dad6-5a8e-81ed-360794b8d0ca', NULL, 'message'), ('3a8726d9-e160-5f69-8717-b831f19cbe67', 'Message #452', '2025-01-01T07:31:00.000Z', 'b1d23a6a-4070-53f6-a28a-3db087a6c03e', '71c8f57c-aae5-5ac8-8fc0-a1ff399b17b8', NULL, 'message'), ('f67c30cf-c28b-5cba-a9dd-efee6cd7aa77', 'Message #453', '2025-01-01T07:32:00.000Z', '0da9fc58-2af3-5be7-be2f-4119d9384337', 'ccdc1502-7a54-5584-94ef-46b4378648e5', NULL, 'message'), ('2cab9ecd-6a54-507e-92e6-9036808d4cf8', 'Message #454', '2025-01-01T07:33:00.000Z', '15875833-c628-5ae5-bd16-44f96466e5bc', '82d62e5d-3a42-5fcc-8eba-42d842fea91a', NULL, 'message'), ('b47b752a-e90a-5bad-9ffd-de60458b3c4b', 'Message #455', '2025-01-01T07:34:00.000Z', '3667db10-0501-59b8-bf47-b9cff6f96104', 'aac0f0ed-ca53-5282-b36f-91e7d18d145c', NULL, 'message'), ('66673f5d-5f14-5d37-8e30-7ef0629de595', 'Message #456', '2025-01-01T07:35:00.000Z', '60ff3161-db4b-5c61-9c49-1e4f3d58316f', '6b0fa178-00ff-552f-bbe4-e58bf12db321', NULL, 'message'), ('854e84ed-3935-52be-823d-22399d915366', 'Message #457', '2025-01-01T07:36:00.000Z', '983922c0-860e-5e5e-8bef-a245a99d447c', '5ca75a8e-3605-5166-aa74-4e2e2fc0beef', NULL, 'message'), ('09b02c0e-5c53-5219-920d-37f8602ba249', 'Message #458', '2025-01-01T07:37:00.000Z', '15875833-c628-5ae5-bd16-44f96466e5bc', 'b36ab93a-34cf-5d2f-8309-1f65466da6f0', NULL, 'message'), ('39fc8684-3b7e-5a35-b7f9-28e1c78dafb2', 'Message #459', '2025-01-01T07:38:00.000Z', 'aa293d03-a9ff-5c28-9a05-0c0566d9cf3c', '1bec2cb9-26e2-5649-a3d1-3758007807ab', NULL, 'message'), ('7f0a7abe-b2cc-59f8-8e5d-d798c8d5d8e5', 'Message #460', '2025-01-01T07:39:00.000Z', 'e581bc2b-fdd3-5585-b012-c561b026a292', '82d62e5d-3a42-5fcc-8eba-42d842fea91a', NULL, 'message'), ('9490954a-a00d-5591-bf47-811ce28cc850', 'Message #461', '2025-01-01T07:40:00.000Z', 'd77799ea-51b5-50e2-8665-e7055c747c9b', '5ca75a8e-3605-5166-aa74-4e2e2fc0beef', NULL, 'message'), ('5a727ff9-40b1-5ea2-99c8-d2cd6984a8fd', 'Message #462', '2025-01-01T07:41:00.000Z', '3436f5e3-04b4-5a0d-9a05-04e69814363b', 'f50300db-d620-587a-a6c0-46d7f9ace912', NULL, 'message'), ('71255092-d7de-5dca-b752-79b9915f5f99', 'Message #463', '2025-01-01T07:42:00.000Z', 'a50e5096-557e-5bed-beff-ce7a11e9e7c5', 'ccdc1502-7a54-5584-94ef-46b4378648e5', NULL, 'message'), ('3c3c7b7c-7a4f-554b-affd-c48486d69461', 'Message #464', '2025-01-01T07:43:00.000Z', 'e581bc2b-fdd3-5585-b012-c561b026a292', '5fef9e7c-116a-5504-a6ae-d16f4442d448', NULL, 'message'), ('a559ab8a-d80f-5ad1-9f3e-28e1649c3fa0', 'Message #465', '2025-01-01T07:44:00.000Z', 'e581bc2b-fdd3-5585-b012-c561b026a292', '5f2c632c-1003-5d3e-94f5-6085899aa359', NULL, 'message'), ('cc5623b9-e293-5983-ad27-bf801eaebe55', 'Message #466', '2025-01-01T07:45:00.000Z', '143276b7-6f56-5bcb-a843-5d0c7d61d380', '4906cefc-1eec-5209-9bcc-28e8cf7c862a', NULL, 'message'), ('5bdf8a56-853f-559e-a778-847f5754cff2', 'Message #467', '2025-01-01T07:46:00.000Z', '27ddcfdd-0919-5f74-9266-4d08b3ccd4a8', 'e4153ca5-d012-5995-bad4-086731587974', NULL, 'message'), ('6c4fd0b5-de09-5bd2-a154-03cecc37c591', 'Message #468', '2025-01-01T07:47:00.000Z', 'b1f427e8-abdc-5e0a-8b88-40baf2e38d72', '95e9e489-e32a-5bf9-8fcf-918b9fd3a587', NULL, 'message'), ('14c1af9a-a98f-5798-8ffa-3723db327376', 'Message #469', '2025-01-01T07:48:00.000Z', 'b1f427e8-abdc-5e0a-8b88-40baf2e38d72', 'aaa0c472-c765-52c5-a1b6-7022bc633ec7', NULL, 'message'), ('2aebfda8-2e7d-5771-9b9e-c3f4b4aaf7fa', 'Message #470', '2025-01-01T07:49:00.000Z', '3667db10-0501-59b8-bf47-b9cff6f96104', '698b6e50-7060-5752-b30f-c3c5d2ee3400', NULL, 'message'), ('abbb5dd8-50ea-5e2c-9191-b1e05108329c', 'Message #471', '2025-01-01T07:50:00.000Z', 'd77799ea-51b5-50e2-8665-e7055c747c9b', 'dce623ef-801d-54b0-a2df-9358c082e29e', NULL, 'message'), ('7ade1950-82af-5b15-ad13-84eb73e990fc', 'Message #472', '2025-01-01T07:51:00.000Z', 'cca20a5f-e99c-5f19-9e22-5c14c96b90c8', '53ca15fa-2a72-5e82-bc89-999d2e699fc2', NULL, 'message'), ('bc4f1fa0-d263-5e53-b615-053c99de2397', 'Message #473', '2025-01-01T07:52:00.000Z', '130a6a1e-7bef-52b4-82be-124984269e7a', '71c8f57c-aae5-5ac8-8fc0-a1ff399b17b8', NULL, 'message'), ('215a555b-f05a-5b74-9a57-bd8004a4ecef', 'Message #474', '2025-01-01T07:53:00.000Z', '130a6a1e-7bef-52b4-82be-124984269e7a', '4906cefc-1eec-5209-9bcc-28e8cf7c862a', NULL, 'message'), ('3058f5cf-36b1-5cd8-8b1a-dcbac94bc200', 'Message #475', '2025-01-01T07:54:00.000Z', 'd77799ea-51b5-50e2-8665-e7055c747c9b', '6f72baed-b6f1-5fb7-a370-fb32611b758b', NULL, 'message'), ('3e4bfce8-2762-5e66-8068-f97e73fa863d', 'Message #476', '2025-01-01T07:55:00.000Z', '7c5a3cb4-4bd6-5f26-9553-8c4905d86b29', '698b6e50-7060-5752-b30f-c3c5d2ee3400', NULL, 'message'), ('bf87b6ae-1cfd-5e86-b499-1f2a3c2a668b', 'Message #477', '2025-01-01T07:56:00.000Z', '378e4176-02b4-51a2-8549-9c19aebb7eae', '2a7be9d0-8baf-50e6-b6f4-18e809a3a13b', NULL, 'message'), ('6f96a5ae-d6f6-52a4-a9ae-3f69f96b9098', 'Message #478', '2025-01-01T07:57:00.000Z', 'cca20a5f-e99c-5f19-9e22-5c14c96b90c8', '7c59f640-9c17-52df-b8e6-924c507dbd93', NULL, 'message'), ('7579a90e-6320-59c8-baf9-b007ec50a26c', 'Message #479', '2025-01-01T07:58:00.000Z', '57a1d39d-4a38-5056-9f77-5e984cc7c04c', '815c84a1-9088-5e6f-b1ab-0853285c0e5d', NULL, 'message'), ('3ba7d2cd-96ac-560a-8ff1-d0b6dcffc580', 'Message #480', '2025-01-01T07:59:00.000Z', '983922c0-860e-5e5e-8bef-a245a99d447c', '461f046b-b8af-5c8e-95dd-0f9194531ecb', NULL, 'message'), ('119c73b9-767f-5d23-9b3d-583390f7ade9', 'Message #481', '2025-01-01T08:00:00.000Z', 'a355efd3-cbd6-5018-8fb1-feff4428ea1b', '12b3f6e4-8e09-5767-b1ce-9d45589acea2', NULL, 'message'), ('3b2f1d40-d097-53cf-85b7-a3433167cf05', 'Message #482', '2025-01-01T08:01:00.000Z', '4d081ebc-56c1-5d0c-96d0-3febc113f3de', '7deb6d46-931a-5fde-8217-398c134e7c57', NULL, 'message'), ('f4c26e41-6dd1-59db-abb1-7d855e768b16', 'Message #483', '2025-01-01T08:02:00.000Z', '983922c0-860e-5e5e-8bef-a245a99d447c', 'bc6c992f-6177-5b38-a99d-4c1f8bf2d0e3', NULL, 'message'), ('fdd53937-c57b-51ea-a34b-5eaa7c284b6d', 'Message #484', '2025-01-01T08:03:00.000Z', '3a7033bf-ec8b-53f4-bfe8-91308fe941ba', '2a673d00-20b6-5c6c-901e-cee3d829089b', NULL, 'message'), ('10856fa6-7357-5a72-923c-2f34cc90c2f1', 'Message #485', '2025-01-01T08:04:00.000Z', 'dbf635af-104b-5d86-ba2f-7a5c5a2d30c9', '6b0fa178-00ff-552f-bbe4-e58bf12db321', NULL, 'message'), ('5f5a146a-d0d2-5e88-8f03-d0a6dddca077', 'Message #486', '2025-01-01T08:05:00.000Z', '8d5b6a6c-0524-58b5-b921-d59b2483c2d2', '1bec2cb9-26e2-5649-a3d1-3758007807ab', NULL, 'message'), ('24cb1822-6c33-519c-88fc-aece10d0a561', 'Message #487', '2025-01-01T08:06:00.000Z', '130a6a1e-7bef-52b4-82be-124984269e7a', 'c9ea0237-6687-557a-b9a6-7641ce93392e', NULL, 'message'), ('777bd821-0ab3-55d4-bd6c-5792358706dc', 'Message #488', '2025-01-01T08:07:00.000Z', '3a7033bf-ec8b-53f4-bfe8-91308fe941ba', 'c9ea0237-6687-557a-b9a6-7641ce93392e', NULL, 'message'), ('07cdade6-c1c2-59bc-b11d-ae1bfcbf2dc4', 'Message #489', '2025-01-01T08:08:00.000Z', '9d0fcb09-4793-59b2-938c-a6211ea07f1b', '698b6e50-7060-5752-b30f-c3c5d2ee3400', NULL, 'message'), ('1aabfd17-01b4-576e-abe7-71a0275d4f7d', 'Message #490', '2025-01-01T08:09:00.000Z', '3667db10-0501-59b8-bf47-b9cff6f96104', '5f2c632c-1003-5d3e-94f5-6085899aa359', NULL, 'message'), ('f973748e-0791-54e5-8765-fc40629b4b13', 'Message #491', '2025-01-01T08:10:00.000Z', '3436f5e3-04b4-5a0d-9a05-04e69814363b', '1b41ea89-57ab-58df-9e2e-db78e9d3b085', NULL, 'message'), ('afa541b9-4eef-51ac-adab-d45bc2722108', 'Message #492', '2025-01-01T08:11:00.000Z', 'af27c99b-654c-59a0-b77c-06b841517065', 'fc164c49-dad6-5a8e-81ed-360794b8d0ca', NULL, 'message'), ('31eb65f7-ed2e-5b91-b489-f7523fe1abe0', 'Message #493', '2025-01-01T08:12:00.000Z', 'd77799ea-51b5-50e2-8665-e7055c747c9b', '9d460269-df83-57bd-a515-4a5d49cc589f', NULL, 'message'), ('3bf94b64-7c27-5846-a4f1-a3c2225d466b', 'Message #494', '2025-01-01T08:13:00.000Z', 'd77799ea-51b5-50e2-8665-e7055c747c9b', '12b3f6e4-8e09-5767-b1ce-9d45589acea2', NULL, 'message'), ('1eec96b5-8649-590d-963e-209b7549a176', 'Message #495', '2025-01-01T08:14:00.000Z', '143276b7-6f56-5bcb-a843-5d0c7d61d380', 'f7030727-d86e-5990-9431-89c9c43ffd21', NULL, 'message'), ('9389ece3-0c1b-50e3-a720-47c9f29ba6ec', 'Message #496', '2025-01-01T08:15:00.000Z', '57a1d39d-4a38-5056-9f77-5e984cc7c04c', '82d62e5d-3a42-5fcc-8eba-42d842fea91a', NULL, 'message'), ('a270f41f-c1e1-5f2b-a5ad-4ea5fe7fb9b4', 'Message #497', '2025-01-01T08:16:00.000Z', '3667db10-0501-59b8-bf47-b9cff6f96104', '0db7fbbd-8272-54b9-8a40-06c7499e4a7c', NULL, 'message'), ('81c40b37-a2fd-566b-ac21-1a77ba23360b', 'Message #498', '2025-01-01T08:17:00.000Z', 'e581bc2b-fdd3-5585-b012-c561b026a292', '6b0fa178-00ff-552f-bbe4-e58bf12db321', NULL, 'message'), ('47943128-a3ae-5092-8f59-98943cf9fc62', 'Message #499', '2025-01-01T08:18:00.000Z', '60ff3161-db4b-5c61-9c49-1e4f3d58316f', '698b6e50-7060-5752-b30f-c3c5d2ee3400', NULL, 'message'), ('94d35c2a-3fa5-5289-8841-76888b982023', 'Message #500', '2025-01-01T08:19:00.000Z', '57a1d39d-4a38-5056-9f77-5e984cc7c04c', '0f5d546a-dd80-5406-a005-a4f3061b9fb4', NULL, 'message'), ('2b609cbf-66fd-5682-afa3-e5214012c43a', 'Message #501', '2025-01-01T08:20:00.000Z', 'af4648e0-022c-5817-b5e1-78f2f8cf8d4e', '9d460269-df83-57bd-a515-4a5d49cc589f', NULL, 'message'), ('b4955849-618c-56cf-827c-502b47d89996', 'Message #502', '2025-01-01T08:21:00.000Z', '983922c0-860e-5e5e-8bef-a245a99d447c', 'c9ea0237-6687-557a-b9a6-7641ce93392e', NULL, 'message'), ('54988a1c-0234-52f4-b511-2788a651f42d', 'Message #503', '2025-01-01T08:22:00.000Z', '0da9fc58-2af3-5be7-be2f-4119d9384337', 'e40bb8e8-1a00-58c8-985e-443fc42db436', NULL, 'message'), ('ed0f3042-8ec1-5704-87ba-43826f0fac71', 'Message #504', '2025-01-01T08:23:00.000Z', 'a355efd3-cbd6-5018-8fb1-feff4428ea1b', '7c59f640-9c17-52df-b8e6-924c507dbd93', NULL, 'message'), ('f84fbfce-9ff5-5119-9fad-b0bb614c6ce7', 'Message #505', '2025-01-01T08:24:00.000Z', '8d5b6a6c-0524-58b5-b921-d59b2483c2d2', '0f5d546a-dd80-5406-a005-a4f3061b9fb4', NULL, 'message'), ('7ad035cf-9f74-5d2f-82c5-3d02ffacbb97', 'Message #506', '2025-01-01T08:25:00.000Z', '15875833-c628-5ae5-bd16-44f96466e5bc', 'e40bb8e8-1a00-58c8-985e-443fc42db436', NULL, 'message'), ('4332e79c-8cbd-538e-b001-7dfc683ac928', 'Message #507', '2025-01-01T08:26:00.000Z', '57a1d39d-4a38-5056-9f77-5e984cc7c04c', 'c9891bab-01c0-5c96-a59b-698c3e42ee76', NULL, 'message'), ('8d94eb75-c977-59b3-8716-5e6221ba6e38', 'Message #508', '2025-01-01T08:27:00.000Z', '51aafaec-43f0-52ae-8596-434569aa274b', '71c8f57c-aae5-5ac8-8fc0-a1ff399b17b8', NULL, 'message'), ('1487b8ba-3c7e-5901-a3fd-ebd48453f3bb', 'Message #509', '2025-01-01T08:28:00.000Z', 'af27c99b-654c-59a0-b77c-06b841517065', 'e40bb8e8-1a00-58c8-985e-443fc42db436', NULL, 'message'), ('7100fcf1-50de-5626-8f8e-cbdbbd406704', 'Message #510', '2025-01-01T08:29:00.000Z', '27ddcfdd-0919-5f74-9266-4d08b3ccd4a8', '815c84a1-9088-5e6f-b1ab-0853285c0e5d', NULL, 'message'), ('2faa838b-c474-5ba7-8720-85798ac38395', 'Message #511', '2025-01-01T08:30:00.000Z', '130a6a1e-7bef-52b4-82be-124984269e7a', 'fc164c49-dad6-5a8e-81ed-360794b8d0ca', NULL, 'message'), ('8b81d7ac-b61f-5362-9c53-bd1db1150262', 'Message #512', '2025-01-01T08:31:00.000Z', 'b1d23a6a-4070-53f6-a28a-3db087a6c03e', '71c8f57c-aae5-5ac8-8fc0-a1ff399b17b8', NULL, 'message'), ('ef15b717-a192-5043-abc8-7b709baf5899', 'Message #513', '2025-01-01T08:32:00.000Z', '0da9fc58-2af3-5be7-be2f-4119d9384337', 'ccdc1502-7a54-5584-94ef-46b4378648e5', NULL, 'message'), ('4d73eec4-82cd-5322-9c23-ea431d013564', 'Message #514', '2025-01-01T08:33:00.000Z', '15875833-c628-5ae5-bd16-44f96466e5bc', '82d62e5d-3a42-5fcc-8eba-42d842fea91a', NULL, 'message'), ('891be8f0-22ab-52d2-ba29-f281749fb105', 'Message #515', '2025-01-01T08:34:00.000Z', '3667db10-0501-59b8-bf47-b9cff6f96104', 'aac0f0ed-ca53-5282-b36f-91e7d18d145c', NULL, 'message'), ('3dbcbae5-3670-5422-b839-875a9042f778', 'Message #516', '2025-01-01T08:35:00.000Z', '60ff3161-db4b-5c61-9c49-1e4f3d58316f', '6b0fa178-00ff-552f-bbe4-e58bf12db321', NULL, 'message'), ('f2951fe9-f5b3-54f3-b5ec-ae89e6fbed7b', 'Message #517', '2025-01-01T08:36:00.000Z', '983922c0-860e-5e5e-8bef-a245a99d447c', '5ca75a8e-3605-5166-aa74-4e2e2fc0beef', NULL, 'message'), ('18179b64-ef0e-531b-8970-fc0198e896b6', 'Message #518', '2025-01-01T08:37:00.000Z', '15875833-c628-5ae5-bd16-44f96466e5bc', 'b36ab93a-34cf-5d2f-8309-1f65466da6f0', NULL, 'message'), ('1e3f811c-5bc2-56d3-92bb-2e2f04315bb3', 'Message #519', '2025-01-01T08:38:00.000Z', 'aa293d03-a9ff-5c28-9a05-0c0566d9cf3c', '1bec2cb9-26e2-5649-a3d1-3758007807ab', NULL, 'message'), ('a588ccf2-c518-5898-8859-9e356b60fe39', 'Message #520', '2025-01-01T08:39:00.000Z', 'e581bc2b-fdd3-5585-b012-c561b026a292', '82d62e5d-3a42-5fcc-8eba-42d842fea91a', NULL, 'message'), ('66d2ab29-b63a-520a-8d72-0c1bbbdeb84c', 'Message #521', '2025-01-01T08:40:00.000Z', 'd77799ea-51b5-50e2-8665-e7055c747c9b', '5ca75a8e-3605-5166-aa74-4e2e2fc0beef', NULL, 'message'), ('321097e8-7ead-5097-98be-c58d4efe3e8d', 'Message #522', '2025-01-01T08:41:00.000Z', '3436f5e3-04b4-5a0d-9a05-04e69814363b', 'f50300db-d620-587a-a6c0-46d7f9ace912', NULL, 'message'), ('3903e2c7-690b-53c5-baea-7dd5d1cb1713', 'Message #523', '2025-01-01T08:42:00.000Z', 'a50e5096-557e-5bed-beff-ce7a11e9e7c5', 'ccdc1502-7a54-5584-94ef-46b4378648e5', NULL, 'message'), ('57a94aa8-4823-56a4-8003-1edbd859523e', 'Message #524', '2025-01-01T08:43:00.000Z', 'e581bc2b-fdd3-5585-b012-c561b026a292', '5fef9e7c-116a-5504-a6ae-d16f4442d448', NULL, 'message'), ('0c916dc9-8cbd-5754-adfa-7b381b2bd37a', 'Message #525', '2025-01-01T08:44:00.000Z', 'e581bc2b-fdd3-5585-b012-c561b026a292', '5f2c632c-1003-5d3e-94f5-6085899aa359', NULL, 'message'), ('88a7487f-9c7e-5863-80a9-2db12e5c76e1', 'Message #526', '2025-01-01T08:45:00.000Z', '143276b7-6f56-5bcb-a843-5d0c7d61d380', '4906cefc-1eec-5209-9bcc-28e8cf7c862a', NULL, 'message'), ('fc382f34-b225-5305-8669-a079ddc56bb2', 'Message #527', '2025-01-01T08:46:00.000Z', '27ddcfdd-0919-5f74-9266-4d08b3ccd4a8', 'e4153ca5-d012-5995-bad4-086731587974', NULL, 'message'), ('efc89ec3-ff11-5e06-8b85-2a1ecd6239f0', 'Message #528', '2025-01-01T08:47:00.000Z', 'b1f427e8-abdc-5e0a-8b88-40baf2e38d72', '95e9e489-e32a-5bf9-8fcf-918b9fd3a587', NULL, 'message'), ('150106f3-5fcf-5086-bd16-20b44fdb1f27', 'Message #529', '2025-01-01T08:48:00.000Z', 'b1f427e8-abdc-5e0a-8b88-40baf2e38d72', 'aaa0c472-c765-52c5-a1b6-7022bc633ec7', NULL, 'message'), ('4efc8a81-941d-54b5-ac66-b65f951c5a48', 'Message #530', '2025-01-01T08:49:00.000Z', '3667db10-0501-59b8-bf47-b9cff6f96104', '698b6e50-7060-5752-b30f-c3c5d2ee3400', NULL, 'message'), ('e7a408cf-5712-52ed-81d8-6398699f001a', 'Message #531', '2025-01-01T08:50:00.000Z', 'd77799ea-51b5-50e2-8665-e7055c747c9b', 'dce623ef-801d-54b0-a2df-9358c082e29e', NULL, 'message'), ('c4db28dd-0d97-55b4-9bba-7d0fd2fec1de', 'Message #532', '2025-01-01T08:51:00.000Z', 'cca20a5f-e99c-5f19-9e22-5c14c96b90c8', '53ca15fa-2a72-5e82-bc89-999d2e699fc2', NULL, 'message'), ('e1e80c0b-4769-5002-b4d7-29d388b89628', 'Message #533', '2025-01-01T08:52:00.000Z', '130a6a1e-7bef-52b4-82be-124984269e7a', '71c8f57c-aae5-5ac8-8fc0-a1ff399b17b8', NULL, 'message'), ('7e9957bb-0f3b-5487-a08b-0378644e7e5e', 'Message #534', '2025-01-01T08:53:00.000Z', '130a6a1e-7bef-52b4-82be-124984269e7a', '4906cefc-1eec-5209-9bcc-28e8cf7c862a', NULL, 'message'), ('420dbb04-5ae8-53d4-99d6-4c02eef366d5', 'Message #535', '2025-01-01T08:54:00.000Z', 'd77799ea-51b5-50e2-8665-e7055c747c9b', '6f72baed-b6f1-5fb7-a370-fb32611b758b', NULL, 'message'), ('db5e23fc-383c-5039-be9d-1635257722c9', 'Message #536', '2025-01-01T08:55:00.000Z', '7c5a3cb4-4bd6-5f26-9553-8c4905d86b29', '698b6e50-7060-5752-b30f-c3c5d2ee3400', NULL, 'message'), ('71492d04-7522-569c-afa3-02ee63083c17', 'Message #537', '2025-01-01T08:56:00.000Z', '378e4176-02b4-51a2-8549-9c19aebb7eae', '2a7be9d0-8baf-50e6-b6f4-18e809a3a13b', NULL, 'message'), ('dbed69f6-2c5c-541d-86c1-15424c4580f5', 'Message #538', '2025-01-01T08:57:00.000Z', 'cca20a5f-e99c-5f19-9e22-5c14c96b90c8', '7c59f640-9c17-52df-b8e6-924c507dbd93', NULL, 'message'), ('00c73a0a-e256-57ae-bcc4-1960a55395e9', 'Message #539', '2025-01-01T08:58:00.000Z', '57a1d39d-4a38-5056-9f77-5e984cc7c04c', '815c84a1-9088-5e6f-b1ab-0853285c0e5d', NULL, 'message'), ('bdc58786-6a4e-554c-bdb5-79849bcac44d', 'Message #540', '2025-01-01T08:59:00.000Z', '983922c0-860e-5e5e-8bef-a245a99d447c', '461f046b-b8af-5c8e-95dd-0f9194531ecb', NULL, 'message'), ('e5d6e0d6-1c4f-50c2-b28e-4ae01c6b65be', 'Message #541', '2025-01-01T09:00:00.000Z', 'a355efd3-cbd6-5018-8fb1-feff4428ea1b', '12b3f6e4-8e09-5767-b1ce-9d45589acea2', NULL, 'message'), ('af5eb8f2-42b8-5e15-aa65-fcfdde273c87', 'Message #542', '2025-01-01T09:01:00.000Z', '4d081ebc-56c1-5d0c-96d0-3febc113f3de', '7deb6d46-931a-5fde-8217-398c134e7c57', NULL, 'message'), ('0d19e568-0abc-50f7-bdd6-6a0c1e1cd598', 'Message #543', '2025-01-01T09:02:00.000Z', '983922c0-860e-5e5e-8bef-a245a99d447c', 'bc6c992f-6177-5b38-a99d-4c1f8bf2d0e3', NULL, 'message'), ('d5876f86-4e59-5f09-8e79-28761b4cc151', 'Message #544', '2025-01-01T09:03:00.000Z', '3a7033bf-ec8b-53f4-bfe8-91308fe941ba', '2a673d00-20b6-5c6c-901e-cee3d829089b', NULL, 'message'), ('f68c75fe-955f-5127-bffd-e0a6f4c56bf2', 'Message #545', '2025-01-01T09:04:00.000Z', 'dbf635af-104b-5d86-ba2f-7a5c5a2d30c9', '6b0fa178-00ff-552f-bbe4-e58bf12db321', NULL, 'message'), ('bd44fc55-916c-5a1b-86d5-dfbab4534c54', 'Message #546', '2025-01-01T09:05:00.000Z', '8d5b6a6c-0524-58b5-b921-d59b2483c2d2', '1bec2cb9-26e2-5649-a3d1-3758007807ab', NULL, 'message'), ('de8d3f2a-9d65-5b4e-9772-d116c853d298', 'Message #547', '2025-01-01T09:06:00.000Z', '130a6a1e-7bef-52b4-82be-124984269e7a', 'c9ea0237-6687-557a-b9a6-7641ce93392e', NULL, 'message'), ('440d878a-df4a-5997-9878-ac6b7fc4bbba', 'Message #548', '2025-01-01T09:07:00.000Z', '3a7033bf-ec8b-53f4-bfe8-91308fe941ba', 'c9ea0237-6687-557a-b9a6-7641ce93392e', NULL, 'message'), ('b89d2d3c-c2e5-522d-8e1f-2e5fb963ec28', 'Message #549', '2025-01-01T09:08:00.000Z', '9d0fcb09-4793-59b2-938c-a6211ea07f1b', '698b6e50-7060-5752-b30f-c3c5d2ee3400', NULL, 'message'), ('eab6fcb2-e1e2-544a-8595-336d8911fea1', 'Message #550', '2025-01-01T09:09:00.000Z', '3667db10-0501-59b8-bf47-b9cff6f96104', '5f2c632c-1003-5d3e-94f5-6085899aa359', NULL, 'message'), ('df47c389-6e08-57c3-8941-bdfb9b7fa72a', 'Message #551', '2025-01-01T09:10:00.000Z', '3436f5e3-04b4-5a0d-9a05-04e69814363b', '1b41ea89-57ab-58df-9e2e-db78e9d3b085', NULL, 'message'), ('e522420b-0bfe-5316-9026-5d7d8dbbdc2d', 'Message #552', '2025-01-01T09:11:00.000Z', 'af27c99b-654c-59a0-b77c-06b841517065', 'fc164c49-dad6-5a8e-81ed-360794b8d0ca', NULL, 'message'), ('b561a719-d96a-5809-acb0-75573ec34ab3', 'Message #553', '2025-01-01T09:12:00.000Z', 'd77799ea-51b5-50e2-8665-e7055c747c9b', '9d460269-df83-57bd-a515-4a5d49cc589f', NULL, 'message'), ('760d46b3-2f9a-513a-924b-7fdf359e3510', 'Message #554', '2025-01-01T09:13:00.000Z', 'd77799ea-51b5-50e2-8665-e7055c747c9b', '12b3f6e4-8e09-5767-b1ce-9d45589acea2', NULL, 'message'), ('a99393c9-b537-59aa-8beb-0a96482c5a22', 'Message #555', '2025-01-01T09:14:00.000Z', '143276b7-6f56-5bcb-a843-5d0c7d61d380', 'f7030727-d86e-5990-9431-89c9c43ffd21', NULL, 'message'), ('06cfe244-597b-5e8f-9252-3771d1a14618', 'Message #556', '2025-01-01T09:15:00.000Z', '57a1d39d-4a38-5056-9f77-5e984cc7c04c', '82d62e5d-3a42-5fcc-8eba-42d842fea91a', NULL, 'message'), ('239a5e99-72e7-5bf7-b96d-7b2513b58286', 'Message #557', '2025-01-01T09:16:00.000Z', '3667db10-0501-59b8-bf47-b9cff6f96104', '0db7fbbd-8272-54b9-8a40-06c7499e4a7c', NULL, 'message'), ('42183dc1-d938-5942-a6ee-e0f0e4a86075', 'Message #558', '2025-01-01T09:17:00.000Z', 'e581bc2b-fdd3-5585-b012-c561b026a292', '6b0fa178-00ff-552f-bbe4-e58bf12db321', NULL, 'message'), ('3642d9db-6353-500b-a875-b142d0c25838', 'Message #559', '2025-01-01T09:18:00.000Z', '60ff3161-db4b-5c61-9c49-1e4f3d58316f', '698b6e50-7060-5752-b30f-c3c5d2ee3400', NULL, 'message'), ('174d7b6e-ebe1-5f8b-b8a7-dfcae66f1172', 'Message #560', '2025-01-01T09:19:00.000Z', '57a1d39d-4a38-5056-9f77-5e984cc7c04c', '0f5d546a-dd80-5406-a005-a4f3061b9fb4', NULL, 'message'), ('bd261648-7fac-5d31-aa0f-7639d3e4eb89', 'Message #561', '2025-01-01T09:20:00.000Z', 'af4648e0-022c-5817-b5e1-78f2f8cf8d4e', '9d460269-df83-57bd-a515-4a5d49cc589f', NULL, 'message'), ('221df6b6-5073-58e1-9202-3215fc41469c', 'Message #562', '2025-01-01T09:21:00.000Z', '983922c0-860e-5e5e-8bef-a245a99d447c', 'c9ea0237-6687-557a-b9a6-7641ce93392e', NULL, 'message'), ('af6f89f7-5502-5996-a27b-63d10458bbaa', 'Message #563', '2025-01-01T09:22:00.000Z', '0da9fc58-2af3-5be7-be2f-4119d9384337', 'e40bb8e8-1a00-58c8-985e-443fc42db436', NULL, 'message'), ('65581e07-7af3-5903-ae76-d40bfca20be8', 'Message #564', '2025-01-01T09:23:00.000Z', 'a355efd3-cbd6-5018-8fb1-feff4428ea1b', '7c59f640-9c17-52df-b8e6-924c507dbd93', NULL, 'message'), ('5f7d6685-b9fe-5a2f-93fb-abf2e57d07fc', 'Message #565', '2025-01-01T09:24:00.000Z', '8d5b6a6c-0524-58b5-b921-d59b2483c2d2', '0f5d546a-dd80-5406-a005-a4f3061b9fb4', NULL, 'message'), ('3f2b8539-4716-50b1-842a-b91f9f7e0f16', 'Message #566', '2025-01-01T09:25:00.000Z', '15875833-c628-5ae5-bd16-44f96466e5bc', 'e40bb8e8-1a00-58c8-985e-443fc42db436', NULL, 'message'), ('cc0a6391-8d6f-58f7-993a-45912fb5c0a2', 'Message #567', '2025-01-01T09:26:00.000Z', '57a1d39d-4a38-5056-9f77-5e984cc7c04c', 'c9891bab-01c0-5c96-a59b-698c3e42ee76', NULL, 'message'), ('e4a81dcf-8e42-558f-a5f1-247f96ba8fa5', 'Message #568', '2025-01-01T09:27:00.000Z', '51aafaec-43f0-52ae-8596-434569aa274b', '71c8f57c-aae5-5ac8-8fc0-a1ff399b17b8', NULL, 'message'), ('3ea39cb5-968a-5c79-af91-c2f8d2d44cf3', 'Message #569', '2025-01-01T09:28:00.000Z', 'af27c99b-654c-59a0-b77c-06b841517065', 'e40bb8e8-1a00-58c8-985e-443fc42db436', NULL, 'message'), ('e7beba26-419e-5f25-9895-43c38c2be8af', 'Message #570', '2025-01-01T09:29:00.000Z', '27ddcfdd-0919-5f74-9266-4d08b3ccd4a8', '815c84a1-9088-5e6f-b1ab-0853285c0e5d', NULL, 'message'), ('ff63faba-2f38-56ba-9b75-eb48b2aeb906', 'Message #571', '2025-01-01T09:30:00.000Z', '130a6a1e-7bef-52b4-82be-124984269e7a', 'fc164c49-dad6-5a8e-81ed-360794b8d0ca', NULL, 'message'), ('969ac480-d4ec-5f13-8b8f-dd110917295a', 'Message #572', '2025-01-01T09:31:00.000Z', 'b1d23a6a-4070-53f6-a28a-3db087a6c03e', '71c8f57c-aae5-5ac8-8fc0-a1ff399b17b8', NULL, 'message'), ('21b656a1-7867-5548-a102-45ced63938e6', 'Message #573', '2025-01-01T09:32:00.000Z', '0da9fc58-2af3-5be7-be2f-4119d9384337', 'ccdc1502-7a54-5584-94ef-46b4378648e5', NULL, 'message'), ('99199363-0014-5214-a5d4-5557ae3115d4', 'Message #574', '2025-01-01T09:33:00.000Z', '15875833-c628-5ae5-bd16-44f96466e5bc', '82d62e5d-3a42-5fcc-8eba-42d842fea91a', NULL, 'message'), ('0ac0e866-b75f-5eb4-b967-98f4185cbe0b', 'Message #575', '2025-01-01T09:34:00.000Z', '3667db10-0501-59b8-bf47-b9cff6f96104', 'aac0f0ed-ca53-5282-b36f-91e7d18d145c', NULL, 'message'), ('fc114eeb-6d80-5bfc-afd3-340f0a8194ce', 'Message #576', '2025-01-01T09:35:00.000Z', '60ff3161-db4b-5c61-9c49-1e4f3d58316f', '6b0fa178-00ff-552f-bbe4-e58bf12db321', NULL, 'message'), ('d04fc815-914c-53ab-900a-6b5371d0dbd3', 'Message #577', '2025-01-01T09:36:00.000Z', '983922c0-860e-5e5e-8bef-a245a99d447c', '5ca75a8e-3605-5166-aa74-4e2e2fc0beef', NULL, 'message'), ('a973704f-afae-519b-b91e-bb18f99feef0', 'Message #578', '2025-01-01T09:37:00.000Z', '15875833-c628-5ae5-bd16-44f96466e5bc', 'b36ab93a-34cf-5d2f-8309-1f65466da6f0', NULL, 'message'), ('21bdca34-0b62-590d-b701-75ca5aee4c9c', 'Message #579', '2025-01-01T09:38:00.000Z', 'aa293d03-a9ff-5c28-9a05-0c0566d9cf3c', '1bec2cb9-26e2-5649-a3d1-3758007807ab', NULL, 'message'), ('4a38a248-9c3c-5a93-a74a-6e5290951e93', 'Message #580', '2025-01-01T09:39:00.000Z', 'e581bc2b-fdd3-5585-b012-c561b026a292', '82d62e5d-3a42-5fcc-8eba-42d842fea91a', NULL, 'message'), ('623dc499-9b2b-5f9e-ab76-351823a561ff', 'Message #581', '2025-01-01T09:40:00.000Z', 'd77799ea-51b5-50e2-8665-e7055c747c9b', '5ca75a8e-3605-5166-aa74-4e2e2fc0beef', NULL, 'message'), ('ef1fc488-c6b7-5e01-964e-b43a6f199ed9', 'Message #582', '2025-01-01T09:41:00.000Z', '3436f5e3-04b4-5a0d-9a05-04e69814363b', 'f50300db-d620-587a-a6c0-46d7f9ace912', NULL, 'message'), ('23b11c49-b130-55d3-b4c3-c7e7d9910455', 'Message #583', '2025-01-01T09:42:00.000Z', 'a50e5096-557e-5bed-beff-ce7a11e9e7c5', 'ccdc1502-7a54-5584-94ef-46b4378648e5', NULL, 'message'), ('e2347d3c-8954-5b18-902b-2e67395cabe0', 'Message #584', '2025-01-01T09:43:00.000Z', 'e581bc2b-fdd3-5585-b012-c561b026a292', '5fef9e7c-116a-5504-a6ae-d16f4442d448', NULL, 'message'), ('3a86d734-796c-51b5-915b-ef7b3e541adf', 'Message #585', '2025-01-01T09:44:00.000Z', 'e581bc2b-fdd3-5585-b012-c561b026a292', '5f2c632c-1003-5d3e-94f5-6085899aa359', NULL, 'message'), ('d102cdcc-7ce5-57d7-a2e5-3ff78b0b391b', 'Message #586', '2025-01-01T09:45:00.000Z', '143276b7-6f56-5bcb-a843-5d0c7d61d380', '4906cefc-1eec-5209-9bcc-28e8cf7c862a', NULL, 'message'), ('012d7343-7958-5b4e-a4ff-f10c3514ff1d', 'Message #587', '2025-01-01T09:46:00.000Z', '27ddcfdd-0919-5f74-9266-4d08b3ccd4a8', 'e4153ca5-d012-5995-bad4-086731587974', NULL, 'message'), ('89f9410b-bc36-519f-aaa4-9823bceb1e9b', 'Message #588', '2025-01-01T09:47:00.000Z', 'b1f427e8-abdc-5e0a-8b88-40baf2e38d72', '95e9e489-e32a-5bf9-8fcf-918b9fd3a587', NULL, 'message'), ('6eee1d73-7eb8-51ab-a5f5-570146ae402a', 'Message #589', '2025-01-01T09:48:00.000Z', 'b1f427e8-abdc-5e0a-8b88-40baf2e38d72', 'aaa0c472-c765-52c5-a1b6-7022bc633ec7', NULL, 'message'), ('afb3cb9f-f674-56a3-9267-f79db9151107', 'Message #590', '2025-01-01T09:49:00.000Z', '3667db10-0501-59b8-bf47-b9cff6f96104', '698b6e50-7060-5752-b30f-c3c5d2ee3400', NULL, 'message'), ('4d6deb53-e415-5e5c-b6e1-593bfa298c27', 'Message #591', '2025-01-01T09:50:00.000Z', 'd77799ea-51b5-50e2-8665-e7055c747c9b', 'dce623ef-801d-54b0-a2df-9358c082e29e', NULL, 'message'), ('cd6141ca-8a8e-58d2-afc5-a6281e3e2450', 'Message #592', '2025-01-01T09:51:00.000Z', 'cca20a5f-e99c-5f19-9e22-5c14c96b90c8', '53ca15fa-2a72-5e82-bc89-999d2e699fc2', NULL, 'message'), ('0db794be-15d7-5a1d-a6e9-f10acbdafbdf', 'Message #593', '2025-01-01T09:52:00.000Z', '130a6a1e-7bef-52b4-82be-124984269e7a', '71c8f57c-aae5-5ac8-8fc0-a1ff399b17b8', NULL, 'message'), ('200cf74a-56ae-5186-8da5-f1af331ee6c9', 'Message #594', '2025-01-01T09:53:00.000Z', '130a6a1e-7bef-52b4-82be-124984269e7a', '4906cefc-1eec-5209-9bcc-28e8cf7c862a', NULL, 'message'), ('76f7f391-51fd-5a7a-8e38-97911cbba0c5', 'Message #595', '2025-01-01T09:54:00.000Z', 'd77799ea-51b5-50e2-8665-e7055c747c9b', '6f72baed-b6f1-5fb7-a370-fb32611b758b', NULL, 'message'), ('c8031261-8eaa-51d9-9e20-60b040536400', 'Message #596', '2025-01-01T09:55:00.000Z', '7c5a3cb4-4bd6-5f26-9553-8c4905d86b29', '698b6e50-7060-5752-b30f-c3c5d2ee3400', NULL, 'message'), ('ac1eefa0-e452-5d9a-ae18-c618ac191e34', 'Message #597', '2025-01-01T09:56:00.000Z', '378e4176-02b4-51a2-8549-9c19aebb7eae', '2a7be9d0-8baf-50e6-b6f4-18e809a3a13b', NULL, 'message'), ('bf67a3c5-3b31-5ca8-b3f3-4b3576bb18fa', 'Message #598', '2025-01-01T09:57:00.000Z', 'cca20a5f-e99c-5f19-9e22-5c14c96b90c8', '7c59f640-9c17-52df-b8e6-924c507dbd93', NULL, 'message'), ('17d66956-8b1a-501c-a3e8-81d864b3beb3', 'Message #599', '2025-01-01T09:58:00.000Z', '57a1d39d-4a38-5056-9f77-5e984cc7c04c', '815c84a1-9088-5e6f-b1ab-0853285c0e5d', NULL, 'message'), ('a7d0e71a-f258-515f-860a-60e8ef1e1afa', 'Message #600', '2025-01-01T09:59:00.000Z', '983922c0-860e-5e5e-8bef-a245a99d447c', '461f046b-b8af-5c8e-95dd-0f9194531ecb', NULL, 'message');
