INSERT INTO public.profiles (id,username,avatar_url,created_at) VALUES ('3ea9b5d8-bbbb-5289-b5b4-75da75a2c0a3', 'cuss.pause21811', 'Es rerum mediocritud ruinae ea locum dis.', DEFAULT), ('7df2292d-c09e-5476-a85d-4b4cb4f59293', 'forceful.crocodile38935', 'Statuamurban mediocris liquid ut nos epicis ad iis.', DEFAULT), ('cb11b6df-d718-5de9-b50e-365978a2651f', 'close.district12346', 'As fieri esse vel quid nobis utriusque.', DEFAULT), ('2cbeb1c7-3553-51d7-879f-ed84e0d75b08', 'Cheyanne_Heaney87457', 'Avit inimiti et fore nosque quoniam nos natur, quaedam alia antibus ut quas ocritation finit veniaturnum.', DEFAULT), ('b0f19a71-febc-507e-8a69-1531fc2ed4ab', 'Rosamond.Nienow67865', 'Quid posse inis voluptas ultimum hoc pertur, necesto sequit exis escerte explicem.', DEFAULT), ('b77b38ec-a041-5b1e-a49a-56a63bc933aa', 'imperturbable-rambler98053', 'As sed libidit choro quoque.', DEFAULT), ('76c7220c-a767-5db1-be79-8f2dd1925195', 'golden.register99921', 'Rerum legamorib es omnisi quae, esse pacto fuisse plane percipi modo natur eius.', DEFAULT), ('68fe10b1-1b01-571e-8cbe-1e7520f2d8ec', 'eager_lieu57580', 'Paene epicare distinax quam cum defen quod.', DEFAULT), ('7b23a60f-71e0-5c67-b1bb-42746a9b0afd', 'hardtofind.tank79577', 'Ad quodsi hoc neque corpore tanta dici, hunc latur ut maiorum quorum certe ut cerem.', DEFAULT), ('5da57d31-4606-5447-8d2a-f0302d9d3201', 'warp-lute66440', 'Et physici celertamen ilitura efficiat, romant delectatis exis et igionis.', DEFAULT), ('a3ba97f5-6071-5a71-9d12-6497725b6810', 'Doug-Reilly33067', 'Adest qui philostenta inem est idem at, sent causa nostris moda ex consecunt secuti.', DEFAULT), ('04986fc6-c0a5-52d1-8ac8-3466b2e71af0', 'bewitched.chino87839', 'Non dolorem exhortatem sed expetiuntque fugiens omisse fieri.', DEFAULT), ('64c12e0c-6e81-56b6-8cbe-5e801fd0c9ae', 'sift.pork78222', 'Non laetet cum quam de itis fructuosam, migrare quod legitur consecut ideros quae vocane ine.', DEFAULT), ('d4491a0c-2eb7-5ad0-b9cf-14c1513dee64', 'crate_frigate7720', 'Conflixis quae et anime inasperfruiq musicistim a.', DEFAULT), ('9eaeaf8a-5c06-5054-bd7a-8a9c44fc890f', 'sprout.rod69493', 'Faceris in inum aut quantus, epiciter vita in insipiendum quaproptercap fieri et frequendare.', DEFAULT), ('fb4077b8-1cb8-5a71-8901-c412b29baeb7', 'regale-pyramid92951', 'Cogit est quem exmulto solumbram defut.', DEFAULT), ('c68d23ec-0b21-5fb8-838f-efd75518faa4', 'kindly.aftershock40564', 'Afficiatur vivam cogitatur causa praeserudin loqui currunt directis, il ere sapiendam et lineamque quibus ant.', DEFAULT), ('0720cb77-381c-5089-a6b8-4b0810753022', 'Orie.Hackett47512', 'Mutat am solid bonare en desid non efficerta, et fructu inest clariora semperciper.', DEFAULT), ('2979afb7-6c47-5127-9289-ae277578e655', 'blind.vestment96256', 'Odio in cum quae hones.', DEFAULT), ('e6562327-926a-5dd6-8949-19e61ded1e27', 'scar.preservation97518', 'Faciturus aut de voluptate est moles quo, dissensibi bonore et dicitas sit am possit milittamur.', DEFAULT), ('33d96ef3-0918-5895-ac7f-eee6ba691c26', 'muted-weeder88543', 'Et copulum qui malum idua hoc.', DEFAULT), ('7dcc7ca3-0ce1-5771-81d3-7fbf39e5af02', 'miserable.rhetoric3230', 'Quo variis cupiditer aut complexione expectatum.', DEFAULT), ('c74a57b0-bb53-5935-9b49-debde88b7cfa', 'dash.tremor77115', 'Us naturus animus dido legat quae perii ea, pulcherrimiq doloram quae maxim es omni sedendum ere.', DEFAULT), ('916524a4-aeb4-5d72-a478-222a666c7001', 'Rosalind_Raynor16302', 'Cum quem idque gessis quaeque ex nec modum.', DEFAULT), ('accea943-4df1-5dd1-b7af-393504cd5020', 'Liana_Harris19377', 'Sus ut adoporib eo discorrecte uto etsi, omnis honest mihi videt rationem soleat.', DEFAULT), ('6111433a-4dba-5de9-8465-4fa032fc7b8d', 'little_certificate79755', 'Num iucunum e si autem gaudem, conclusae cum repudinter quidem loca.', DEFAULT), ('be0ad1ee-8ece-5328-b57d-eadb0f1f1b46', 'Thea-Muller34151', 'Nobissimam as inerri reprehentum unum antiquis, maximuro mat quod sua theseo.', DEFAULT), ('f51b253e-46d8-5da3-8920-e3b6d0e07488', 'bowl-classroom6321', 'Sicin nam iudicullo de autem praesenimpor deterremis, loque ob quae amicita dicangore.', DEFAULT), ('975e7f40-d3bb-5db2-ae1b-885cb4ea60db', 'solace_pounding57216', 'Rebusdam fore quibus opharum spernatur, aequitatur placebit esse omnia sensibus defenimis.', DEFAULT), ('672b9223-66b0-503e-8aa3-f696a18748b0', 'Bridget-McClure48917', 'Id arensiones et tum discenses.', DEFAULT), ('6cad8c02-19cd-5334-9976-1ae4ce5e3a9c', 'hitch.city55879', 'Quae nec honesse se quod credo hoc.', DEFAULT), ('b999ed7e-7f3c-5e24-89ba-6d7c3d928cff', 'whet-trunk63631', 'Exis propterem is int libere confortitud numquam, sic reret aliquam haec domindignius detractis ens honest.', DEFAULT), ('7b087bc7-fa1b-553f-8cde-23ff80f26e99', 'Trent.Littel85420', 'Nis rebus ne epicural are nusquam.', DEFAULT), ('c405dd31-8e8c-561d-b4f8-4da994c06d24', 'Isaac-Purdy6262', 'Aut fortunt quam depulum us velita modo multa.', DEFAULT), ('e62ae687-b3c4-5270-baa5-96039109c99d', 'Deondre.Gusikowski28449', 'Affectum maiestatem ut videre ut, vult patiatura quod omnesciunt et vero vestra aut.', DEFAULT), ('a4c1703b-8c5d-57a4-bb64-6a27e277bea8', 'Theodora-Klein64053', 'Iderrem sapiendi etur nostri idium ad hominquit, sunt hoc volunt es privat est fieri sedent.', DEFAULT), ('6176b7c0-c592-5d75-969f-84fb11799b76', 'gash-consistency3126', 'Tantas et ipsa feceriuste ilest ut, es iucuntiaret et paene in.', DEFAULT), ('5d46abf7-b526-5ebb-ba28-2def89bd90e5', 'Hubert-Kshlerin34141', 'Vituptatem ipsa recordation eo obliquid corrigeriet.', DEFAULT), ('a5f6830e-56e9-52f3-917f-db3ef8e05bea', 'Doris_Brekke90690', 'Mi triari multo et qui ad enim gravis.', DEFAULT), ('da245287-0e93-5739-b777-66a7a37f6edd', 'Jamaal_Windler86868', 'Secutus cibo ea pectantis expedire voluptate, carum pediri ne affectus profecori regione qui.', DEFAULT), ('74201a50-dea8-5852-991d-b3a8d7b2ad3b', 'leading-supervision31945', 'Voluptate enimis inantiamque ut e primis ane explicare.', DEFAULT), ('e5460bba-fea4-52d2-b456-3cc02aa5ae82', 'kill_guerrilla29645', 'Im sublatur vero dolore non abilita motum, posse tum conteneamus si homint nos.', DEFAULT), ('787b3647-0005-5759-851a-777409fa2d5a', 'enlightened.slapstick37203', 'Mandarum epicia quam graecis accessionem.', DEFAULT), ('36e584b4-74a9-57cd-9e95-7906bf7c3e68', 'opulent.security6089', 'Praeterea atem guber ut exis nomintegre, hoc illam diligiter fieri malartempor et.', DEFAULT), ('77727ee0-032f-5a34-b46b-3d92c6e88bc6', 'intent.daikon7179', 'Verendum voluptate privendisput quanta esse.', DEFAULT), ('1f9bfce8-65ad-57ed-b694-b2bf46b3dded', 'Sadye.Kessler42041', 'Philos dissentiendo abduci inem putatione ex maximosop, tibi in voluptati primis feram ceri numquam est.', DEFAULT), ('e84640bb-5cca-5e02-812d-9621e9d4755f', 'Novella-Price19350', 'Exis maxim expedire fore confidet tum alliciat in, insipiendus hoc ut haberuis desid.', DEFAULT), ('d1880f4d-4c25-5b1f-bcf5-8e5a4850e527', 'glittering-breast31923', 'Alique nam utus eum ad accessio ut, in are latintelleg momendam autem ent quod conciliant.', DEFAULT), ('8771db11-824d-535d-bfcf-929c63a0397d', 'ferret.parrot15414', 'Falli ilem delecticar etur ultimum cum quorum audiverit.', DEFAULT), ('0a1eb974-786d-53d0-b3ca-62d94ffc86ea', 'develop_sledge82728', 'Nec inquam simos omnium non ut est in.', DEFAULT), ('a4eddced-18aa-549a-a80c-6269b992dc27', 'promulgate_shoot16439', 'Inpotiuste uto honestias cura tribus rebus nos ultime, sit hominas orum voluptate metu per nudus non.', DEFAULT), ('d601e9e6-682a-5f97-8f2c-35d3597051f2', 'Pamela.Okuneva57985', 'Ultimero conquirerga pertincto si debito deteria et.', DEFAULT), ('0a3da374-7764-5e96-8115-5ddeaf4d127c', 'Arch-Stanton2785', 'Et horreant hoc semperante inut autem chrysippi corrupte.', DEFAULT), ('7adb85de-2d2c-551c-a772-855a6a2be719', 'Mozell-Gerlach19693', 'Ceperatem viam dissero defendamus quoddam id ipsa dubitasper.', DEFAULT), ('140c8c52-9b64-5ee8-8eff-b561a612ab08', 'Mike-Rice39606', 'Ad requietis endi oblivionis moles quibusdam maxim omi.', DEFAULT), ('1fd8a2b7-b326-5866-a398-5b16c618add3', 'right.strap55706', 'Molestiae us perinquit id dolorem, nasci expeccandi viam hones de.', DEFAULT), ('7eb77b96-30b5-5501-83f6-52a058c4eaa5', 'uneven-caddy65616', 'Expectantam dedecce aut inflammater in ipsi, in affecisti tranquillitia dolorteras qui exeamque praeclaram.', DEFAULT), ('869be320-0b01-5bef-b270-ef220f65c774', 'absent_venom28356', 'Legenta aliquaque est vult iucuniae nominprobam, videt horridendae et estiae corpore quae ant de.', DEFAULT), ('bd765ebc-d39e-5f4c-a2b4-f2bfec179dc6', 'tut_solitaire26262', 'Est verbi quas offenditat si, proterandum antur sum requietis omnes aliquarum.', DEFAULT), ('ac97e7cd-28a0-5761-bf65-c201c34643b2', 'graceful-doll20026', 'Exim corruptissim nos possine abil magna dolore dem.', DEFAULT);
INSERT INTO public.unions (id,name,created_at,creator_id) VALUES ('143276b7-6f56-5bcb-a843-5d0c7d61d380', 'Kylie Trace', DEFAULT, NULL), ('0da9fc58-2af3-5be7-be2f-4119d9384337', 'Streich Meadow', DEFAULT, NULL), ('af27c99b-654c-59a0-b77c-06b841517065', 'Wintheiser Lodge', DEFAULT, NULL), ('15875833-c628-5ae5-bd16-44f96466e5bc', 'Okey Harbors', DEFAULT, NULL), ('8d5b6a6c-0524-58b5-b921-d59b2483c2d2', 'Jakubowski Skyway', DEFAULT, NULL), ('60ff3161-db4b-5c61-9c49-1e4f3d58316f', 'Kaylee Loaf', DEFAULT, NULL);
INSERT INTO public.union_members (union_id,user_id,joined_at) VALUES ('af27c99b-654c-59a0-b77c-06b841517065', 'd4491a0c-2eb7-5ad0-b9cf-14c1513dee64', DEFAULT), ('15875833-c628-5ae5-bd16-44f96466e5bc', 'a5f6830e-56e9-52f3-917f-db3ef8e05bea', DEFAULT), ('8d5b6a6c-0524-58b5-b921-d59b2483c2d2', '04986fc6-c0a5-52d1-8ac8-3466b2e71af0', DEFAULT), ('143276b7-6f56-5bcb-a843-5d0c7d61d380', '5d46abf7-b526-5ebb-ba28-2def89bd90e5', DEFAULT), ('af27c99b-654c-59a0-b77c-06b841517065', 'e62ae687-b3c4-5270-baa5-96039109c99d', DEFAULT), ('8d5b6a6c-0524-58b5-b921-d59b2483c2d2', '77727ee0-032f-5a34-b46b-3d92c6e88bc6', DEFAULT), ('8d5b6a6c-0524-58b5-b921-d59b2483c2d2', '2979afb7-6c47-5127-9289-ae277578e655', DEFAULT), ('143276b7-6f56-5bcb-a843-5d0c7d61d380', '2979afb7-6c47-5127-9289-ae277578e655', DEFAULT), ('af27c99b-654c-59a0-b77c-06b841517065', 'e6562327-926a-5dd6-8949-19e61ded1e27', DEFAULT), ('143276b7-6f56-5bcb-a843-5d0c7d61d380', '2cbeb1c7-3553-51d7-879f-ed84e0d75b08', DEFAULT), ('60ff3161-db4b-5c61-9c49-1e4f3d58316f', '787b3647-0005-5759-851a-777409fa2d5a', DEFAULT), ('af27c99b-654c-59a0-b77c-06b841517065', '0a3da374-7764-5e96-8115-5ddeaf4d127c', DEFAULT), ('143276b7-6f56-5bcb-a843-5d0c7d61d380', 'a4c1703b-8c5d-57a4-bb64-6a27e277bea8', DEFAULT), ('143276b7-6f56-5bcb-a843-5d0c7d61d380', 'd4491a0c-2eb7-5ad0-b9cf-14c1513dee64', DEFAULT), ('143276b7-6f56-5bcb-a843-5d0c7d61d380', '6111433a-4dba-5de9-8465-4fa032fc7b8d', DEFAULT), ('0da9fc58-2af3-5be7-be2f-4119d9384337', 'c68d23ec-0b21-5fb8-838f-efd75518faa4', DEFAULT), ('143276b7-6f56-5bcb-a843-5d0c7d61d380', '140c8c52-9b64-5ee8-8eff-b561a612ab08', DEFAULT), ('60ff3161-db4b-5c61-9c49-1e4f3d58316f', 'e62ae687-b3c4-5270-baa5-96039109c99d', DEFAULT), ('60ff3161-db4b-5c61-9c49-1e4f3d58316f', 'e6562327-926a-5dd6-8949-19e61ded1e27', DEFAULT), ('0da9fc58-2af3-5be7-be2f-4119d9384337', '3ea9b5d8-bbbb-5289-b5b4-75da75a2c0a3', DEFAULT);
INSERT INTO public.messages (id,content,created_at,union_id,user_id) VALUES ('31f0ce32-b531-5a5b-80bc-9046b68dce05', '1', '2024-12-31T16:00:00.000Z', '8d5b6a6c-0524-58b5-b921-d59b2483c2d2', '0a1eb974-786d-53d0-b3ca-62d94ffc86ea'), ('2ec578d0-a904-5dc2-b308-d2371ed8fc3e', '2', '2024-12-31T16:01:00.000Z', '0da9fc58-2af3-5be7-be2f-4119d9384337', '6cad8c02-19cd-5334-9976-1ae4ce5e3a9c'), ('332ebac1-f2bd-5a26-9db9-94e01f2597fa', '3', '2024-12-31T16:02:00.000Z', '0da9fc58-2af3-5be7-be2f-4119d9384337', '8771db11-824d-535d-bfcf-929c63a0397d'), ('6684202c-be7b-5db9-9418-315616e5889a', '4', '2024-12-31T16:03:00.000Z', 'af27c99b-654c-59a0-b77c-06b841517065', '1f9bfce8-65ad-57ed-b694-b2bf46b3dded'), ('1a06c0c3-961a-58b4-836f-12d5f589d6ad', '5', '2024-12-31T16:04:00.000Z', '60ff3161-db4b-5c61-9c49-1e4f3d58316f', 'c74a57b0-bb53-5935-9b49-debde88b7cfa'), ('5c3808df-76a9-53a3-8712-88a89fe0206c', '6', '2024-12-31T16:05:00.000Z', '143276b7-6f56-5bcb-a843-5d0c7d61d380', 'b0f19a71-febc-507e-8a69-1531fc2ed4ab'), ('eeff417f-e0ad-5b6e-aa59-ff54a18ce085', '7', '2024-12-31T16:06:00.000Z', '15875833-c628-5ae5-bd16-44f96466e5bc', '64c12e0c-6e81-56b6-8cbe-5e801fd0c9ae'), ('c20da07e-ec9b-5638-a178-cedb1a988dbf', '8', '2024-12-31T16:07:00.000Z', '0da9fc58-2af3-5be7-be2f-4119d9384337', '6176b7c0-c592-5d75-969f-84fb11799b76'), ('e042ed4d-ff9f-54a0-846e-d20ec444f411', '9', '2024-12-31T16:08:00.000Z', '0da9fc58-2af3-5be7-be2f-4119d9384337', '64c12e0c-6e81-56b6-8cbe-5e801fd0c9ae'), ('8f04b360-5e9a-5cd4-88d7-730a8af83bd4', '10', '2024-12-31T16:09:00.000Z', '15875833-c628-5ae5-bd16-44f96466e5bc', '7eb77b96-30b5-5501-83f6-52a058c4eaa5'), ('ecd11c76-b921-59bc-81d8-cb3b14e04f99', '11', '2024-12-31T16:10:00.000Z', '60ff3161-db4b-5c61-9c49-1e4f3d58316f', 'd1880f4d-4c25-5b1f-bcf5-8e5a4850e527'), ('2344ddd7-bc5c-5a21-afa9-789f958e9341', '12', '2024-12-31T16:11:00.000Z', 'af27c99b-654c-59a0-b77c-06b841517065', 'c405dd31-8e8c-561d-b4f8-4da994c06d24'), ('c584fec0-14b8-51e3-9e5c-d1526a5d71ca', '13', '2024-12-31T16:12:00.000Z', '8d5b6a6c-0524-58b5-b921-d59b2483c2d2', 'fb4077b8-1cb8-5a71-8901-c412b29baeb7'), ('d4d4dd50-8ba1-55bd-903d-c2daf5254615', '14', '2024-12-31T16:13:00.000Z', 'af27c99b-654c-59a0-b77c-06b841517065', '1fd8a2b7-b326-5866-a398-5b16c618add3'), ('8d43ef63-3f3e-56ec-9c10-2a593827b43e', '15', '2024-12-31T16:14:00.000Z', 'af27c99b-654c-59a0-b77c-06b841517065', '68fe10b1-1b01-571e-8cbe-1e7520f2d8ec'), ('a67224cc-ce80-57ea-be22-d15f6405d811', '16', '2024-12-31T16:15:00.000Z', '15875833-c628-5ae5-bd16-44f96466e5bc', 'cb11b6df-d718-5de9-b50e-365978a2651f'), ('fcc8c761-6e91-5f3b-bfd0-12218533e9db', '17', '2024-12-31T16:16:00.000Z', '60ff3161-db4b-5c61-9c49-1e4f3d58316f', '74201a50-dea8-5852-991d-b3a8d7b2ad3b'), ('37ea2060-e07b-5cd3-81ec-85c2e853c986', '18', '2024-12-31T16:17:00.000Z', '0da9fc58-2af3-5be7-be2f-4119d9384337', '6cad8c02-19cd-5334-9976-1ae4ce5e3a9c'), ('2436df67-b780-57e5-b779-234fc6a0e213', '19', '2024-12-31T16:18:00.000Z', 'af27c99b-654c-59a0-b77c-06b841517065', 'c68d23ec-0b21-5fb8-838f-efd75518faa4'), ('7ad67af6-d053-513a-896a-1a2929c82b6f', '20', '2024-12-31T16:19:00.000Z', '15875833-c628-5ae5-bd16-44f96466e5bc', '1f9bfce8-65ad-57ed-b694-b2bf46b3dded'), ('04c296c6-c95e-5afc-bcad-6ace7881af42', '21', '2024-12-31T16:20:00.000Z', '8d5b6a6c-0524-58b5-b921-d59b2483c2d2', '975e7f40-d3bb-5db2-ae1b-885cb4ea60db'), ('5a5b7a46-4cd6-5dca-b329-375dee152200', '22', '2024-12-31T16:21:00.000Z', 'af27c99b-654c-59a0-b77c-06b841517065', 'f51b253e-46d8-5da3-8920-e3b6d0e07488'), ('e17414ae-e3ca-569f-b77f-b9635a47bcf0', '23', '2024-12-31T16:22:00.000Z', '8d5b6a6c-0524-58b5-b921-d59b2483c2d2', 'ac97e7cd-28a0-5761-bf65-c201c34643b2'), ('f0f240c9-c7b2-55b2-af8f-480c587a1f74', '24', '2024-12-31T16:23:00.000Z', '8d5b6a6c-0524-58b5-b921-d59b2483c2d2', '9eaeaf8a-5c06-5054-bd7a-8a9c44fc890f'), ('2228aec3-e272-58a0-80f0-ce1f541cbc02', '25', '2024-12-31T16:24:00.000Z', 'af27c99b-654c-59a0-b77c-06b841517065', '74201a50-dea8-5852-991d-b3a8d7b2ad3b'), ('7cb9b2bc-36a4-5ff6-bd26-38c5fcf61dd2', '26', '2024-12-31T16:25:00.000Z', '60ff3161-db4b-5c61-9c49-1e4f3d58316f', '9eaeaf8a-5c06-5054-bd7a-8a9c44fc890f'), ('3b61f453-f005-567b-bdb3-3d34525f497b', '27', '2024-12-31T16:26:00.000Z', '143276b7-6f56-5bcb-a843-5d0c7d61d380', '76c7220c-a767-5db1-be79-8f2dd1925195'), ('6c4c1feb-6b46-5e1e-b5bf-ec6518bb14e5', '28', '2024-12-31T16:27:00.000Z', '8d5b6a6c-0524-58b5-b921-d59b2483c2d2', '3ea9b5d8-bbbb-5289-b5b4-75da75a2c0a3'), ('4059c3c6-9214-5278-bb09-70ed9c37fc78', '29', '2024-12-31T16:28:00.000Z', 'af27c99b-654c-59a0-b77c-06b841517065', 'ac97e7cd-28a0-5761-bf65-c201c34643b2'), ('e2a31fbb-18fe-55f0-a2be-0e7bc52ce092', '30', '2024-12-31T16:29:00.000Z', '143276b7-6f56-5bcb-a843-5d0c7d61d380', '869be320-0b01-5bef-b270-ef220f65c774'), ('397ed992-f5fe-55b9-92bf-69bb2ab521f7', '31', '2024-12-31T16:30:00.000Z', 'af27c99b-654c-59a0-b77c-06b841517065', '140c8c52-9b64-5ee8-8eff-b561a612ab08'), ('7bf5c83f-e85e-5942-8a75-62a4acfaf02d', '32', '2024-12-31T16:31:00.000Z', 'af27c99b-654c-59a0-b77c-06b841517065', 'e62ae687-b3c4-5270-baa5-96039109c99d'), ('f4789f09-1f78-5bd2-bb29-b3af9ba11cee', '33', '2024-12-31T16:32:00.000Z', '143276b7-6f56-5bcb-a843-5d0c7d61d380', '6176b7c0-c592-5d75-969f-84fb11799b76'), ('23203dbc-b452-5f12-abba-3b214c023201', '34', '2024-12-31T16:33:00.000Z', '0da9fc58-2af3-5be7-be2f-4119d9384337', '8771db11-824d-535d-bfcf-929c63a0397d'), ('c579636c-9b7b-5ab2-8f65-4581920f2ab7', '35', '2024-12-31T16:34:00.000Z', '0da9fc58-2af3-5be7-be2f-4119d9384337', '5d46abf7-b526-5ebb-ba28-2def89bd90e5'), ('daa8b1c9-10d4-5ab3-beb5-c5e27bacb3d4', '36', '2024-12-31T16:35:00.000Z', 'af27c99b-654c-59a0-b77c-06b841517065', 'e84640bb-5cca-5e02-812d-9621e9d4755f'), ('75f87969-5672-51a0-89c8-8761471fc1ca', '37', '2024-12-31T16:36:00.000Z', '8d5b6a6c-0524-58b5-b921-d59b2483c2d2', '975e7f40-d3bb-5db2-ae1b-885cb4ea60db'), ('08daa095-0a70-548d-b153-c71eca5b089a', '38', '2024-12-31T16:37:00.000Z', '0da9fc58-2af3-5be7-be2f-4119d9384337', 'e6562327-926a-5dd6-8949-19e61ded1e27'), ('e6bb040b-5594-5e33-9cf4-ab8105fddf96', '39', '2024-12-31T16:38:00.000Z', '143276b7-6f56-5bcb-a843-5d0c7d61d380', 'c405dd31-8e8c-561d-b4f8-4da994c06d24'), ('dbb5e743-6ae1-52b3-a3b6-35d6be371c3f', '40', '2024-12-31T16:39:00.000Z', '0da9fc58-2af3-5be7-be2f-4119d9384337', '7b23a60f-71e0-5c67-b1bb-42746a9b0afd'), ('424b70a7-e107-56e8-a036-5b25eed1d5af', '41', '2024-12-31T16:40:00.000Z', '15875833-c628-5ae5-bd16-44f96466e5bc', 'bd765ebc-d39e-5f4c-a2b4-f2bfec179dc6'), ('978ab67e-60b2-5433-8f24-6abf4309f8ed', '42', '2024-12-31T16:41:00.000Z', '0da9fc58-2af3-5be7-be2f-4119d9384337', 'c68d23ec-0b21-5fb8-838f-efd75518faa4'), ('c91f36c5-07e1-5121-8662-f9effad939fc', '43', '2024-12-31T16:42:00.000Z', '8d5b6a6c-0524-58b5-b921-d59b2483c2d2', '6cad8c02-19cd-5334-9976-1ae4ce5e3a9c'), ('bf7e98ce-3303-5966-9c58-7172d0dde274', '44', '2024-12-31T16:43:00.000Z', '60ff3161-db4b-5c61-9c49-1e4f3d58316f', 'b999ed7e-7f3c-5e24-89ba-6d7c3d928cff'), ('a488e2fd-bd15-5294-b440-9b37881e9d9f', '45', '2024-12-31T16:44:00.000Z', 'af27c99b-654c-59a0-b77c-06b841517065', 'be0ad1ee-8ece-5328-b57d-eadb0f1f1b46'), ('d2b9b954-28e7-518d-96cb-8d261ec6a4a5', '46', '2024-12-31T16:45:00.000Z', 'af27c99b-654c-59a0-b77c-06b841517065', 'fb4077b8-1cb8-5a71-8901-c412b29baeb7'), ('7636de8e-8d79-5803-8a4a-e5b6cdd8397d', '47', '2024-12-31T16:46:00.000Z', '8d5b6a6c-0524-58b5-b921-d59b2483c2d2', 'e84640bb-5cca-5e02-812d-9621e9d4755f'), ('8e4bdab4-8b3a-506a-9743-b053807bf1f4', '48', '2024-12-31T16:47:00.000Z', '8d5b6a6c-0524-58b5-b921-d59b2483c2d2', 'e6562327-926a-5dd6-8949-19e61ded1e27'), ('e8562715-b34a-5276-ad66-ecbc382d1986', '49', '2024-12-31T16:48:00.000Z', 'af27c99b-654c-59a0-b77c-06b841517065', 'e5460bba-fea4-52d2-b456-3cc02aa5ae82'), ('b003c1ed-5360-5af9-9c58-ceb2f8a6a1b0', '50', '2024-12-31T16:49:00.000Z', '0da9fc58-2af3-5be7-be2f-4119d9384337', 'a4eddced-18aa-549a-a80c-6269b992dc27'), ('f07075f1-6cdd-5216-b5a6-60d37ee9ad46', '51', '2024-12-31T16:50:00.000Z', 'af27c99b-654c-59a0-b77c-06b841517065', 'e84640bb-5cca-5e02-812d-9621e9d4755f'), ('1e6f9604-0935-5b1d-ac88-39e4107b8623', '52', '2024-12-31T16:51:00.000Z', '0da9fc58-2af3-5be7-be2f-4119d9384337', 'b0f19a71-febc-507e-8a69-1531fc2ed4ab'), ('bfdf8e3e-e6ef-5af1-b365-012048500e3c', '53', '2024-12-31T16:52:00.000Z', '60ff3161-db4b-5c61-9c49-1e4f3d58316f', '975e7f40-d3bb-5db2-ae1b-885cb4ea60db'), ('8dbf3c16-ce55-5d4b-97cf-989f6d93aa3e', '54', '2024-12-31T16:53:00.000Z', '143276b7-6f56-5bcb-a843-5d0c7d61d380', 'bd765ebc-d39e-5f4c-a2b4-f2bfec179dc6'), ('50380ce2-f9f9-508e-a7dd-f65e2b079fbb', '55', '2024-12-31T16:54:00.000Z', '15875833-c628-5ae5-bd16-44f96466e5bc', '7adb85de-2d2c-551c-a772-855a6a2be719'), ('f85f7297-48a4-5e9c-97ea-68194b46da81', '56', '2024-12-31T16:55:00.000Z', '60ff3161-db4b-5c61-9c49-1e4f3d58316f', 'd1880f4d-4c25-5b1f-bcf5-8e5a4850e527'), ('acfcddf0-6600-58ec-89d3-ea7503b65ae6', '57', '2024-12-31T16:56:00.000Z', '0da9fc58-2af3-5be7-be2f-4119d9384337', 'e84640bb-5cca-5e02-812d-9621e9d4755f'), ('8f964adb-7c17-5157-8d7a-ca3c2064e316', '58', '2024-12-31T16:57:00.000Z', '8d5b6a6c-0524-58b5-b921-d59b2483c2d2', '916524a4-aeb4-5d72-a478-222a666c7001'), ('f23ac013-60a6-5d93-b2d7-b7f0bad0f913', '59', '2024-12-31T16:58:00.000Z', '8d5b6a6c-0524-58b5-b921-d59b2483c2d2', '5da57d31-4606-5447-8d2a-f0302d9d3201'), ('d0058d35-e1cd-53b3-a606-f94381fcff26', '60', '2024-12-31T16:59:00.000Z', '15875833-c628-5ae5-bd16-44f96466e5bc', '33d96ef3-0918-5895-ac7f-eee6ba691c26'), ('bc415700-c820-5ab3-8f98-b25b72b0e3c6', '61', '2024-12-31T17:00:00.000Z', '60ff3161-db4b-5c61-9c49-1e4f3d58316f', '1fd8a2b7-b326-5866-a398-5b16c618add3'), ('ba307247-ef10-588e-bf9c-c22863f5f3fe', '62', '2024-12-31T17:01:00.000Z', 'af27c99b-654c-59a0-b77c-06b841517065', 'e5460bba-fea4-52d2-b456-3cc02aa5ae82'), ('6a346f65-d15c-576e-bcd8-dc9335929986', '63', '2024-12-31T17:02:00.000Z', '143276b7-6f56-5bcb-a843-5d0c7d61d380', 'f51b253e-46d8-5da3-8920-e3b6d0e07488'), ('72ba761d-75a8-5c2d-93e3-8063e4e38db8', '64', '2024-12-31T17:03:00.000Z', '15875833-c628-5ae5-bd16-44f96466e5bc', '36e584b4-74a9-57cd-9e95-7906bf7c3e68'), ('ff2ce3b0-0a55-558b-8e8b-dea13ee24d53', '65', '2024-12-31T17:04:00.000Z', 'af27c99b-654c-59a0-b77c-06b841517065', '2979afb7-6c47-5127-9289-ae277578e655'), ('a5520a83-73f8-5873-84ec-a1c6c5384d3f', '66', '2024-12-31T17:05:00.000Z', '0da9fc58-2af3-5be7-be2f-4119d9384337', '9eaeaf8a-5c06-5054-bd7a-8a9c44fc890f'), ('a2357ed5-d48a-516d-8c03-6a8c0ba12f07', '67', '2024-12-31T17:06:00.000Z', '143276b7-6f56-5bcb-a843-5d0c7d61d380', 'cb11b6df-d718-5de9-b50e-365978a2651f'), ('787d9ebb-63a8-5c18-80b2-cbcdf1a65faa', '68', '2024-12-31T17:07:00.000Z', '60ff3161-db4b-5c61-9c49-1e4f3d58316f', 'a4c1703b-8c5d-57a4-bb64-6a27e277bea8'), ('2eb1d5e7-8d5a-50ff-a1ea-36880d733c5a', '69', '2024-12-31T17:08:00.000Z', '0da9fc58-2af3-5be7-be2f-4119d9384337', 'fb4077b8-1cb8-5a71-8901-c412b29baeb7'), ('e8c3a138-a62b-5814-b0c7-77e510eced09', '70', '2024-12-31T17:09:00.000Z', '8d5b6a6c-0524-58b5-b921-d59b2483c2d2', '787b3647-0005-5759-851a-777409fa2d5a'), ('9eb32c8d-fe3a-5451-989d-1ac700b0e02f', '71', '2024-12-31T17:10:00.000Z', '60ff3161-db4b-5c61-9c49-1e4f3d58316f', 'be0ad1ee-8ece-5328-b57d-eadb0f1f1b46'), ('e5ed3ea6-dc44-5f23-b766-4bef0df8434f', '72', '2024-12-31T17:11:00.000Z', 'af27c99b-654c-59a0-b77c-06b841517065', '7adb85de-2d2c-551c-a772-855a6a2be719'), ('d5fd8510-b86e-588d-a9b2-3d8d3769bb45', '73', '2024-12-31T17:12:00.000Z', '60ff3161-db4b-5c61-9c49-1e4f3d58316f', 'a3ba97f5-6071-5a71-9d12-6497725b6810'), ('21a904f3-2f37-5ead-a9c3-ffd30c0c7ee5', '74', '2024-12-31T17:13:00.000Z', '15875833-c628-5ae5-bd16-44f96466e5bc', '33d96ef3-0918-5895-ac7f-eee6ba691c26'), ('c80d5ee4-3eb1-5ab5-b538-17e8072a4a25', '75', '2024-12-31T17:14:00.000Z', 'af27c99b-654c-59a0-b77c-06b841517065', '140c8c52-9b64-5ee8-8eff-b561a612ab08'), ('8117c7c8-a06a-5dac-879c-21299e5e40ad', '76', '2024-12-31T17:15:00.000Z', '15875833-c628-5ae5-bd16-44f96466e5bc', '787b3647-0005-5759-851a-777409fa2d5a'), ('58b99407-aa0f-5468-9f3a-9e670c1f953c', '77', '2024-12-31T17:16:00.000Z', '8d5b6a6c-0524-58b5-b921-d59b2483c2d2', '672b9223-66b0-503e-8aa3-f696a18748b0'), ('c0231e14-2354-501b-96d6-cd7b749ee3b1', '78', '2024-12-31T17:17:00.000Z', '143276b7-6f56-5bcb-a843-5d0c7d61d380', '77727ee0-032f-5a34-b46b-3d92c6e88bc6'), ('47c531f1-cc91-5ad9-a263-552992aad3e3', '79', '2024-12-31T17:18:00.000Z', '60ff3161-db4b-5c61-9c49-1e4f3d58316f', 'a4c1703b-8c5d-57a4-bb64-6a27e277bea8'), ('f6cce3ef-7299-51ff-a73b-80daa527a8b4', '80', '2024-12-31T17:19:00.000Z', '15875833-c628-5ae5-bd16-44f96466e5bc', '0a3da374-7764-5e96-8115-5ddeaf4d127c'), ('273821c6-2378-561e-9da3-c800deb992e5', '81', '2024-12-31T17:20:00.000Z', '0da9fc58-2af3-5be7-be2f-4119d9384337', 'b999ed7e-7f3c-5e24-89ba-6d7c3d928cff'), ('33b96697-523e-510a-9d8f-4d34e411a4a4', '82', '2024-12-31T17:21:00.000Z', 'af27c99b-654c-59a0-b77c-06b841517065', 'b77b38ec-a041-5b1e-a49a-56a63bc933aa'), ('e3f80879-9b65-5096-9535-33e936648b7f', '83', '2024-12-31T17:22:00.000Z', '15875833-c628-5ae5-bd16-44f96466e5bc', 'd1880f4d-4c25-5b1f-bcf5-8e5a4850e527'), ('94b243cb-9591-5f01-ad1b-7c8b5a203537', '84', '2024-12-31T17:23:00.000Z', '60ff3161-db4b-5c61-9c49-1e4f3d58316f', 'a3ba97f5-6071-5a71-9d12-6497725b6810'), ('d1762784-4fce-58f4-b973-7c9147d8b469', '85', '2024-12-31T17:24:00.000Z', '60ff3161-db4b-5c61-9c49-1e4f3d58316f', 'f51b253e-46d8-5da3-8920-e3b6d0e07488'), ('610aafae-01f0-56cf-ac56-6c520a38bf86', '86', '2024-12-31T17:25:00.000Z', 'af27c99b-654c-59a0-b77c-06b841517065', '8771db11-824d-535d-bfcf-929c63a0397d'), ('690de64c-e494-5dcd-8b61-47dd7292b681', '87', '2024-12-31T17:26:00.000Z', '60ff3161-db4b-5c61-9c49-1e4f3d58316f', '1f9bfce8-65ad-57ed-b694-b2bf46b3dded'), ('710ab7e3-40af-5b29-96d0-d5de2cde117b', '88', '2024-12-31T17:27:00.000Z', '15875833-c628-5ae5-bd16-44f96466e5bc', 'b77b38ec-a041-5b1e-a49a-56a63bc933aa'), ('1018160d-faee-5cac-b183-1b2b69019885', '89', '2024-12-31T17:28:00.000Z', 'af27c99b-654c-59a0-b77c-06b841517065', 'da245287-0e93-5739-b777-66a7a37f6edd'), ('edaf9e65-995c-5353-8600-0b626f128d5f', '90', '2024-12-31T17:29:00.000Z', '15875833-c628-5ae5-bd16-44f96466e5bc', '2cbeb1c7-3553-51d7-879f-ed84e0d75b08'), ('e929962c-baa7-5525-94a6-aea945ac445c', '91', '2024-12-31T17:30:00.000Z', '143276b7-6f56-5bcb-a843-5d0c7d61d380', '9eaeaf8a-5c06-5054-bd7a-8a9c44fc890f'), ('be2e6cfa-3055-5fa8-8edc-8c24d15f54d1', '92', '2024-12-31T17:31:00.000Z', 'af27c99b-654c-59a0-b77c-06b841517065', 'be0ad1ee-8ece-5328-b57d-eadb0f1f1b46'), ('8c22cbfb-84e7-59c3-975c-e8e889082d17', '93', '2024-12-31T17:32:00.000Z', '15875833-c628-5ae5-bd16-44f96466e5bc', 'b77b38ec-a041-5b1e-a49a-56a63bc933aa'), ('d70a3dd7-0218-50d0-acf6-a6673cc938b9', '94', '2024-12-31T17:33:00.000Z', 'af27c99b-654c-59a0-b77c-06b841517065', 'e84640bb-5cca-5e02-812d-9621e9d4755f'), ('d23cb9a9-08ba-5f7e-a775-8c1a5fa80784', '95', '2024-12-31T17:34:00.000Z', '143276b7-6f56-5bcb-a843-5d0c7d61d380', 'accea943-4df1-5dd1-b7af-393504cd5020'), ('0781135b-8926-5903-a2bf-d9feabf59adb', '96', '2024-12-31T17:35:00.000Z', '0da9fc58-2af3-5be7-be2f-4119d9384337', 'da245287-0e93-5739-b777-66a7a37f6edd'), ('841cc785-0d38-5596-b38e-b3b053ddaf9a', '97', '2024-12-31T17:36:00.000Z', '143276b7-6f56-5bcb-a843-5d0c7d61d380', 'b77b38ec-a041-5b1e-a49a-56a63bc933aa'), ('8f8a379a-c939-53dc-a970-0abf94f6455b', '98', '2024-12-31T17:37:00.000Z', '8d5b6a6c-0524-58b5-b921-d59b2483c2d2', 'd1880f4d-4c25-5b1f-bcf5-8e5a4850e527'), ('6bebbf24-dd87-52ae-b407-0aa7a831df80', '99', '2024-12-31T17:38:00.000Z', '8d5b6a6c-0524-58b5-b921-d59b2483c2d2', 'accea943-4df1-5dd1-b7af-393504cd5020'), ('75e791ec-e73a-57da-b69c-6e4fe15979ff', '100', '2024-12-31T17:39:00.000Z', '0da9fc58-2af3-5be7-be2f-4119d9384337', 'da245287-0e93-5739-b777-66a7a37f6edd'), ('ad0ab188-046b-56b1-b8db-6c0e338f53b2', '101', '2024-12-31T17:40:00.000Z', 'af27c99b-654c-59a0-b77c-06b841517065', 'fb4077b8-1cb8-5a71-8901-c412b29baeb7'), ('a729c221-db1c-5ae1-902a-9187447604a7', '102', '2024-12-31T17:41:00.000Z', '8d5b6a6c-0524-58b5-b921-d59b2483c2d2', 'd4491a0c-2eb7-5ad0-b9cf-14c1513dee64'), ('41300122-452e-5346-b41b-0ba4e86e7de8', '103', '2024-12-31T17:42:00.000Z', '8d5b6a6c-0524-58b5-b921-d59b2483c2d2', '3ea9b5d8-bbbb-5289-b5b4-75da75a2c0a3'), ('71d875b7-c5c6-5f58-a2cc-446bef279e52', '104', '2024-12-31T17:43:00.000Z', 'af27c99b-654c-59a0-b77c-06b841517065', 'bd765ebc-d39e-5f4c-a2b4-f2bfec179dc6'), ('77a045b1-e804-5a17-bd51-d5765c1b9a62', '105', '2024-12-31T17:44:00.000Z', '8d5b6a6c-0524-58b5-b921-d59b2483c2d2', '9eaeaf8a-5c06-5054-bd7a-8a9c44fc890f'), ('47131bf3-2b03-51a2-b777-ca6831d4678f', '106', '2024-12-31T17:45:00.000Z', '15875833-c628-5ae5-bd16-44f96466e5bc', 'e6562327-926a-5dd6-8949-19e61ded1e27'), ('1931206f-4a8e-5ecf-9198-d6af12cd4aa3', '107', '2024-12-31T17:46:00.000Z', '8d5b6a6c-0524-58b5-b921-d59b2483c2d2', '7dcc7ca3-0ce1-5771-81d3-7fbf39e5af02'), ('be0791c5-d7a6-5b79-8ba7-a74c9f1917d0', '108', '2024-12-31T17:47:00.000Z', '15875833-c628-5ae5-bd16-44f96466e5bc', 'bd765ebc-d39e-5f4c-a2b4-f2bfec179dc6'), ('25f02b6f-fd92-5735-84ee-3be6436c9fc6', '109', '2024-12-31T17:48:00.000Z', 'af27c99b-654c-59a0-b77c-06b841517065', '1fd8a2b7-b326-5866-a398-5b16c618add3'), ('46c7afa4-5345-5698-a4bd-554461ee8653', '110', '2024-12-31T17:49:00.000Z', '0da9fc58-2af3-5be7-be2f-4119d9384337', '6176b7c0-c592-5d75-969f-84fb11799b76'), ('f5ffd216-45f7-531d-9c2b-46638b797a78', '111', '2024-12-31T17:50:00.000Z', '143276b7-6f56-5bcb-a843-5d0c7d61d380', '6111433a-4dba-5de9-8465-4fa032fc7b8d'), ('3ebe96d1-538a-5cc1-b959-e995af39318d', '112', '2024-12-31T17:51:00.000Z', '60ff3161-db4b-5c61-9c49-1e4f3d58316f', '1f9bfce8-65ad-57ed-b694-b2bf46b3dded'), ('28f152c9-5c3f-51fd-b0ee-7bc1d35cb494', '113', '2024-12-31T17:52:00.000Z', '60ff3161-db4b-5c61-9c49-1e4f3d58316f', '76c7220c-a767-5db1-be79-8f2dd1925195'), ('f586971c-051f-5ba6-946e-a700915d96fc', '114', '2024-12-31T17:53:00.000Z', '60ff3161-db4b-5c61-9c49-1e4f3d58316f', '975e7f40-d3bb-5db2-ae1b-885cb4ea60db'), ('58227c56-65f9-542b-bab1-1fec8f83ffef', '115', '2024-12-31T17:54:00.000Z', '143276b7-6f56-5bcb-a843-5d0c7d61d380', 'accea943-4df1-5dd1-b7af-393504cd5020'), ('21054435-5c9a-56db-af70-2a97af04aeb4', '116', '2024-12-31T17:55:00.000Z', '0da9fc58-2af3-5be7-be2f-4119d9384337', '0720cb77-381c-5089-a6b8-4b0810753022'), ('07ed185e-4cab-523c-b2e9-00ce408a55ac', '117', '2024-12-31T17:56:00.000Z', '8d5b6a6c-0524-58b5-b921-d59b2483c2d2', 'c405dd31-8e8c-561d-b4f8-4da994c06d24'), ('21491799-d628-5603-b66a-a693ee633578', '118', '2024-12-31T17:57:00.000Z', 'af27c99b-654c-59a0-b77c-06b841517065', '36e584b4-74a9-57cd-9e95-7906bf7c3e68'), ('7b4e7f72-1bef-5196-80ab-bda7e2a87d55', '119', '2024-12-31T17:58:00.000Z', '60ff3161-db4b-5c61-9c49-1e4f3d58316f', '7adb85de-2d2c-551c-a772-855a6a2be719'), ('25d09c1e-b23c-54f2-9606-7c710880b676', '120', '2024-12-31T17:59:00.000Z', 'af27c99b-654c-59a0-b77c-06b841517065', '5da57d31-4606-5447-8d2a-f0302d9d3201'), ('1b12b38a-2c68-52d5-95cf-f2506e6573c4', '121', '2024-12-31T18:00:00.000Z', '0da9fc58-2af3-5be7-be2f-4119d9384337', 'f51b253e-46d8-5da3-8920-e3b6d0e07488'), ('7ee0d128-a343-5500-a1ff-212ae550b36a', '122', '2024-12-31T18:01:00.000Z', 'af27c99b-654c-59a0-b77c-06b841517065', '3ea9b5d8-bbbb-5289-b5b4-75da75a2c0a3'), ('657d1947-5d52-5e57-aec9-a0936ca91625', '123', '2024-12-31T18:02:00.000Z', '15875833-c628-5ae5-bd16-44f96466e5bc', '869be320-0b01-5bef-b270-ef220f65c774'), ('d372c2a6-3cd9-563e-bb81-0fb3ba4f82a5', '124', '2024-12-31T18:03:00.000Z', '143276b7-6f56-5bcb-a843-5d0c7d61d380', '77727ee0-032f-5a34-b46b-3d92c6e88bc6'), ('7678e3b3-4d80-5e70-8c26-93b699b06832', '125', '2024-12-31T18:04:00.000Z', '15875833-c628-5ae5-bd16-44f96466e5bc', 'c68d23ec-0b21-5fb8-838f-efd75518faa4'), ('9a056028-44e2-5e32-8c6a-9dfbe21f0d43', '126', '2024-12-31T18:05:00.000Z', 'af27c99b-654c-59a0-b77c-06b841517065', '1f9bfce8-65ad-57ed-b694-b2bf46b3dded'), ('76820088-bc7b-545d-8880-338c2222af90', '127', '2024-12-31T18:06:00.000Z', '15875833-c628-5ae5-bd16-44f96466e5bc', '7dcc7ca3-0ce1-5771-81d3-7fbf39e5af02'), ('371aa91d-40ed-5cd5-a3e4-60ee54f13841', '128', '2024-12-31T18:07:00.000Z', '8d5b6a6c-0524-58b5-b921-d59b2483c2d2', '7adb85de-2d2c-551c-a772-855a6a2be719'), ('0aea94e7-1aab-5f31-9fa6-dd4f680b5816', '129', '2024-12-31T18:08:00.000Z', '60ff3161-db4b-5c61-9c49-1e4f3d58316f', '33d96ef3-0918-5895-ac7f-eee6ba691c26'), ('41471691-3097-5d64-ab2a-949af7b39736', '130', '2024-12-31T18:09:00.000Z', '143276b7-6f56-5bcb-a843-5d0c7d61d380', '5da57d31-4606-5447-8d2a-f0302d9d3201'), ('16a6a1b2-c02e-59ef-abd6-a0b0732d33a7', '131', '2024-12-31T18:10:00.000Z', '15875833-c628-5ae5-bd16-44f96466e5bc', '869be320-0b01-5bef-b270-ef220f65c774'), ('2b83df85-c344-58bb-928d-cca0b7b344f3', '132', '2024-12-31T18:11:00.000Z', '0da9fc58-2af3-5be7-be2f-4119d9384337', '5da57d31-4606-5447-8d2a-f0302d9d3201'), ('085333a1-01be-5ae9-9822-66ec30b03fe4', '133', '2024-12-31T18:12:00.000Z', '143276b7-6f56-5bcb-a843-5d0c7d61d380', '1fd8a2b7-b326-5866-a398-5b16c618add3'), ('82411472-c4d1-545d-9873-67a0f147f245', '134', '2024-12-31T18:13:00.000Z', 'af27c99b-654c-59a0-b77c-06b841517065', '5da57d31-4606-5447-8d2a-f0302d9d3201'), ('81470820-0099-52f1-a5ec-4fb44dfe1cd9', '135', '2024-12-31T18:14:00.000Z', 'af27c99b-654c-59a0-b77c-06b841517065', '5d46abf7-b526-5ebb-ba28-2def89bd90e5'), ('11a6b7f1-58f2-5a6c-8d14-48c2941eba4a', '136', '2024-12-31T18:15:00.000Z', 'af27c99b-654c-59a0-b77c-06b841517065', 'c68d23ec-0b21-5fb8-838f-efd75518faa4'), ('f33389d7-c86d-57f5-8c44-d4a2a4af0ac4', '137', '2024-12-31T18:16:00.000Z', '8d5b6a6c-0524-58b5-b921-d59b2483c2d2', 'b999ed7e-7f3c-5e24-89ba-6d7c3d928cff'), ('d1aff710-1b9f-5edd-89fb-c89ab6d3aacb', '138', '2024-12-31T18:17:00.000Z', '0da9fc58-2af3-5be7-be2f-4119d9384337', 'a5f6830e-56e9-52f3-917f-db3ef8e05bea'), ('0c2f7af2-dfe0-55c7-8fa1-63112b03822d', '139', '2024-12-31T18:18:00.000Z', '0da9fc58-2af3-5be7-be2f-4119d9384337', 'c405dd31-8e8c-561d-b4f8-4da994c06d24'), ('26a93020-ea29-566a-9d12-be5fb5bf3b1b', '140', '2024-12-31T18:19:00.000Z', '0da9fc58-2af3-5be7-be2f-4119d9384337', '869be320-0b01-5bef-b270-ef220f65c774'), ('fd9c86bd-7ec5-5afd-a716-bce52e1c14ee', '141', '2024-12-31T18:20:00.000Z', '8d5b6a6c-0524-58b5-b921-d59b2483c2d2', 'e6562327-926a-5dd6-8949-19e61ded1e27'), ('c1e22881-ff31-51e6-9b83-852d6e26fd73', '142', '2024-12-31T18:21:00.000Z', '143276b7-6f56-5bcb-a843-5d0c7d61d380', 'be0ad1ee-8ece-5328-b57d-eadb0f1f1b46'), ('f2dd35d3-03d9-558c-bb0d-6ae4960ace66', '143', '2024-12-31T18:22:00.000Z', '60ff3161-db4b-5c61-9c49-1e4f3d58316f', 'd1880f4d-4c25-5b1f-bcf5-8e5a4850e527'), ('9104e6a7-7f7c-5618-b154-c7853247499c', '144', '2024-12-31T18:23:00.000Z', 'af27c99b-654c-59a0-b77c-06b841517065', '7b087bc7-fa1b-553f-8cde-23ff80f26e99'), ('f353f3e1-f412-5416-872b-ac2bd25d1833', '145', '2024-12-31T18:24:00.000Z', '15875833-c628-5ae5-bd16-44f96466e5bc', '74201a50-dea8-5852-991d-b3a8d7b2ad3b'), ('44df0b6a-0a9b-539b-b31f-dc1a0d1da5f6', '146', '2024-12-31T18:25:00.000Z', '143276b7-6f56-5bcb-a843-5d0c7d61d380', '0720cb77-381c-5089-a6b8-4b0810753022'), ('d827cca9-ae53-58f2-b02b-186e9e76f0da', '147', '2024-12-31T18:26:00.000Z', '143276b7-6f56-5bcb-a843-5d0c7d61d380', 'a4c1703b-8c5d-57a4-bb64-6a27e277bea8'), ('01b75fc7-284a-55c4-9095-0c1ef4ef92b5', '148', '2024-12-31T18:27:00.000Z', '8d5b6a6c-0524-58b5-b921-d59b2483c2d2', 'b0f19a71-febc-507e-8a69-1531fc2ed4ab'), ('353313e1-124a-5985-9802-df3ddfbe4525', '149', '2024-12-31T18:28:00.000Z', '143276b7-6f56-5bcb-a843-5d0c7d61d380', 'd4491a0c-2eb7-5ad0-b9cf-14c1513dee64'), ('65781996-7ad8-547d-90c9-9904d9ab4c35', '150', '2024-12-31T18:29:00.000Z', '0da9fc58-2af3-5be7-be2f-4119d9384337', '8771db11-824d-535d-bfcf-929c63a0397d'), ('64fac3d6-fc6d-5b6d-a2dc-6b9a44b1c5b0', '151', '2024-12-31T18:30:00.000Z', '143276b7-6f56-5bcb-a843-5d0c7d61d380', 'accea943-4df1-5dd1-b7af-393504cd5020'), ('2e45537f-0e5e-50ec-90cd-27eebb7bff8d', '152', '2024-12-31T18:31:00.000Z', '60ff3161-db4b-5c61-9c49-1e4f3d58316f', 'a4c1703b-8c5d-57a4-bb64-6a27e277bea8'), ('dea6a23f-ef60-5be9-b879-a423b06bce25', '153', '2024-12-31T18:32:00.000Z', '8d5b6a6c-0524-58b5-b921-d59b2483c2d2', 'b0f19a71-febc-507e-8a69-1531fc2ed4ab'), ('7ee16128-08da-5afe-9e32-1a9a03cf6332', '154', '2024-12-31T18:33:00.000Z', '15875833-c628-5ae5-bd16-44f96466e5bc', 'cb11b6df-d718-5de9-b50e-365978a2651f'), ('0a1379d4-1183-549f-bda7-9dcc8d943eed', '155', '2024-12-31T18:34:00.000Z', '60ff3161-db4b-5c61-9c49-1e4f3d58316f', '0a1eb974-786d-53d0-b3ca-62d94ffc86ea'), ('76400b62-de1b-584b-b567-4a148b60f4cc', '156', '2024-12-31T18:35:00.000Z', '15875833-c628-5ae5-bd16-44f96466e5bc', 'bd765ebc-d39e-5f4c-a2b4-f2bfec179dc6'), ('fea49780-a952-568c-910b-037f48adf969', '157', '2024-12-31T18:36:00.000Z', '8d5b6a6c-0524-58b5-b921-d59b2483c2d2', '5da57d31-4606-5447-8d2a-f0302d9d3201'), ('787d36c1-16f7-5e88-8eca-dc5e919d2f29', '158', '2024-12-31T18:37:00.000Z', '0da9fc58-2af3-5be7-be2f-4119d9384337', '916524a4-aeb4-5d72-a478-222a666c7001'), ('e1f9c925-b35d-5fcc-a056-c1b3bbcad187', '159', '2024-12-31T18:38:00.000Z', '143276b7-6f56-5bcb-a843-5d0c7d61d380', 'c74a57b0-bb53-5935-9b49-debde88b7cfa'), ('35b0699e-dda8-5f37-aa61-03c2f86977a5', '160', '2024-12-31T18:39:00.000Z', '8d5b6a6c-0524-58b5-b921-d59b2483c2d2', '5da57d31-4606-5447-8d2a-f0302d9d3201'), ('a747cd95-737e-56fb-8578-f5e6cc2d7ed5', '161', '2024-12-31T18:40:00.000Z', '143276b7-6f56-5bcb-a843-5d0c7d61d380', '36e584b4-74a9-57cd-9e95-7906bf7c3e68'), ('dcc2a4d0-c99a-58db-b651-8d8656a70d27', '162', '2024-12-31T18:41:00.000Z', 'af27c99b-654c-59a0-b77c-06b841517065', 'a3ba97f5-6071-5a71-9d12-6497725b6810'), ('08b97acd-91e3-5692-ae8e-0ebdfbf8c411', '163', '2024-12-31T18:42:00.000Z', '15875833-c628-5ae5-bd16-44f96466e5bc', '140c8c52-9b64-5ee8-8eff-b561a612ab08'), ('f8967a61-e0f5-5a32-9b2c-484aac8fe1a9', '164', '2024-12-31T18:43:00.000Z', '8d5b6a6c-0524-58b5-b921-d59b2483c2d2', '3ea9b5d8-bbbb-5289-b5b4-75da75a2c0a3'), ('a0c9d0a2-8b0d-5ca1-92f4-9834bc70de3b', '165', '2024-12-31T18:44:00.000Z', '15875833-c628-5ae5-bd16-44f96466e5bc', 'c405dd31-8e8c-561d-b4f8-4da994c06d24'), ('353d8787-69d9-5257-adf4-790f664fc50b', '166', '2024-12-31T18:45:00.000Z', '143276b7-6f56-5bcb-a843-5d0c7d61d380', '04986fc6-c0a5-52d1-8ac8-3466b2e71af0'), ('b95348ee-7939-5c9c-8997-36b91436df9f', '167', '2024-12-31T18:46:00.000Z', '15875833-c628-5ae5-bd16-44f96466e5bc', '74201a50-dea8-5852-991d-b3a8d7b2ad3b'), ('a9ec10aa-0134-5544-97a6-083f29f5f4b8', '168', '2024-12-31T18:47:00.000Z', 'af27c99b-654c-59a0-b77c-06b841517065', '672b9223-66b0-503e-8aa3-f696a18748b0'), ('ec424995-86c5-55c7-ab12-4dd4c4382d02', '169', '2024-12-31T18:48:00.000Z', 'af27c99b-654c-59a0-b77c-06b841517065', 'ac97e7cd-28a0-5761-bf65-c201c34643b2'), ('d5bebcb5-60f3-5dac-917f-dcbaef95905c', '170', '2024-12-31T18:49:00.000Z', '8d5b6a6c-0524-58b5-b921-d59b2483c2d2', 'c68d23ec-0b21-5fb8-838f-efd75518faa4'), ('d8821639-58e5-52a3-8f44-1f1ad9721b6e', '171', '2024-12-31T18:50:00.000Z', '60ff3161-db4b-5c61-9c49-1e4f3d58316f', 'bd765ebc-d39e-5f4c-a2b4-f2bfec179dc6'), ('e634a4d9-a3ca-54c8-8ae0-f13264338cc4', '172', '2024-12-31T18:51:00.000Z', '143276b7-6f56-5bcb-a843-5d0c7d61d380', '74201a50-dea8-5852-991d-b3a8d7b2ad3b'), ('4c6efe9c-33d4-5330-9f1f-3bbba2ab12ac', '173', '2024-12-31T18:52:00.000Z', '15875833-c628-5ae5-bd16-44f96466e5bc', '7df2292d-c09e-5476-a85d-4b4cb4f59293'), ('1fc77927-120d-564e-8eac-d14daab85c12', '174', '2024-12-31T18:53:00.000Z', '15875833-c628-5ae5-bd16-44f96466e5bc', '1fd8a2b7-b326-5866-a398-5b16c618add3'), ('2a255ae7-d1df-5dcc-8f9e-f374a1361d61', '175', '2024-12-31T18:54:00.000Z', '15875833-c628-5ae5-bd16-44f96466e5bc', 'd4491a0c-2eb7-5ad0-b9cf-14c1513dee64'), ('c00fb04c-1b09-5997-961d-3440c8a100a4', '176', '2024-12-31T18:55:00.000Z', 'af27c99b-654c-59a0-b77c-06b841517065', 'c68d23ec-0b21-5fb8-838f-efd75518faa4'), ('534cb632-1755-5dff-89c3-4de86689cee5', '177', '2024-12-31T18:56:00.000Z', '8d5b6a6c-0524-58b5-b921-d59b2483c2d2', 'c405dd31-8e8c-561d-b4f8-4da994c06d24'), ('0e9639c1-7319-5957-997e-791b4f9e106f', '178', '2024-12-31T18:57:00.000Z', '143276b7-6f56-5bcb-a843-5d0c7d61d380', '5d46abf7-b526-5ebb-ba28-2def89bd90e5'), ('7c2baebe-6bc5-5c78-ac46-b4569b388f73', '179', '2024-12-31T18:58:00.000Z', '15875833-c628-5ae5-bd16-44f96466e5bc', '140c8c52-9b64-5ee8-8eff-b561a612ab08'), ('6a953d8e-9d25-54e5-8659-5cb7e91bbcfe', '180', '2024-12-31T18:59:00.000Z', 'af27c99b-654c-59a0-b77c-06b841517065', '76c7220c-a767-5db1-be79-8f2dd1925195'), ('32616621-b2ca-572f-9a26-81627ce7b303', '181', '2024-12-31T19:00:00.000Z', 'af27c99b-654c-59a0-b77c-06b841517065', '7b23a60f-71e0-5c67-b1bb-42746a9b0afd'), ('72fa39d8-9786-551f-82b8-05b09eb73cd1', '182', '2024-12-31T19:01:00.000Z', '143276b7-6f56-5bcb-a843-5d0c7d61d380', 'a5f6830e-56e9-52f3-917f-db3ef8e05bea'), ('a8bd3403-1d66-5728-b3d8-8d2c89c33281', '183', '2024-12-31T19:02:00.000Z', '15875833-c628-5ae5-bd16-44f96466e5bc', 'accea943-4df1-5dd1-b7af-393504cd5020'), ('82d0f1f0-6d5b-597b-80de-907dc5064387', '184', '2024-12-31T19:03:00.000Z', '60ff3161-db4b-5c61-9c49-1e4f3d58316f', '2979afb7-6c47-5127-9289-ae277578e655'), ('267816e9-27d2-5b2a-93f3-e06a9f91f270', '185', '2024-12-31T19:04:00.000Z', '143276b7-6f56-5bcb-a843-5d0c7d61d380', '7eb77b96-30b5-5501-83f6-52a058c4eaa5'), ('f350df87-8c1f-5781-88a2-6d206968d17d', '186', '2024-12-31T19:05:00.000Z', '60ff3161-db4b-5c61-9c49-1e4f3d58316f', '76c7220c-a767-5db1-be79-8f2dd1925195'), ('8c661497-532b-509e-8140-c3b63a44be80', '187', '2024-12-31T19:06:00.000Z', '15875833-c628-5ae5-bd16-44f96466e5bc', 'a3ba97f5-6071-5a71-9d12-6497725b6810'), ('2d62340c-e24a-59da-8ddf-40fad815ed09', '188', '2024-12-31T19:07:00.000Z', '60ff3161-db4b-5c61-9c49-1e4f3d58316f', '04986fc6-c0a5-52d1-8ac8-3466b2e71af0'), ('00ddf235-b776-5550-a16c-5ea29e04d667', '189', '2024-12-31T19:08:00.000Z', '60ff3161-db4b-5c61-9c49-1e4f3d58316f', 'b999ed7e-7f3c-5e24-89ba-6d7c3d928cff'), ('80332072-e2bd-5464-9bd6-be1651b9ff6f', '190', '2024-12-31T19:09:00.000Z', '0da9fc58-2af3-5be7-be2f-4119d9384337', 'ac97e7cd-28a0-5761-bf65-c201c34643b2'), ('0b6ea986-4448-50d4-a22a-09989b3a1c4e', '191', '2024-12-31T19:10:00.000Z', '143276b7-6f56-5bcb-a843-5d0c7d61d380', 'b999ed7e-7f3c-5e24-89ba-6d7c3d928cff'), ('3cf41c99-e356-5e23-8bef-66a6c11fc093', '192', '2024-12-31T19:11:00.000Z', '60ff3161-db4b-5c61-9c49-1e4f3d58316f', '5da57d31-4606-5447-8d2a-f0302d9d3201'), ('cfaf3ae5-e191-56a6-8b56-fdcab0c26fb8', '193', '2024-12-31T19:12:00.000Z', '60ff3161-db4b-5c61-9c49-1e4f3d58316f', 'f51b253e-46d8-5da3-8920-e3b6d0e07488'), ('c81acb83-706c-5f95-873a-630a9dcf27ef', '194', '2024-12-31T19:13:00.000Z', 'af27c99b-654c-59a0-b77c-06b841517065', '2979afb7-6c47-5127-9289-ae277578e655'), ('3369d120-3657-5b53-ac9f-e46bc830ce89', '195', '2024-12-31T19:14:00.000Z', '15875833-c628-5ae5-bd16-44f96466e5bc', 'a3ba97f5-6071-5a71-9d12-6497725b6810'), ('4d4fcb1b-0855-5ea3-b459-b96854518bff', '196', '2024-12-31T19:15:00.000Z', '143276b7-6f56-5bcb-a843-5d0c7d61d380', '8771db11-824d-535d-bfcf-929c63a0397d'), ('5e3afed5-fc13-5e85-bd89-34332f05060a', '197', '2024-12-31T19:16:00.000Z', '60ff3161-db4b-5c61-9c49-1e4f3d58316f', '04986fc6-c0a5-52d1-8ac8-3466b2e71af0'), ('d7448734-70f5-5c94-a8bd-3e40033fd621', '198', '2024-12-31T19:17:00.000Z', '15875833-c628-5ae5-bd16-44f96466e5bc', 'a5f6830e-56e9-52f3-917f-db3ef8e05bea'), ('8c49e245-112f-533d-b9be-45b1bfd5a899', '199', '2024-12-31T19:18:00.000Z', '15875833-c628-5ae5-bd16-44f96466e5bc', '1f9bfce8-65ad-57ed-b694-b2bf46b3dded'), ('c974aab5-66f5-57dd-9ad8-0785f20c190d', '200', '2024-12-31T19:19:00.000Z', '60ff3161-db4b-5c61-9c49-1e4f3d58316f', 'b999ed7e-7f3c-5e24-89ba-6d7c3d928cff'), ('89aad715-e729-594c-a41f-14854624a70e', '201', '2024-12-31T19:20:00.000Z', '60ff3161-db4b-5c61-9c49-1e4f3d58316f', '76c7220c-a767-5db1-be79-8f2dd1925195'), ('c3911050-c04f-5145-9a8f-808802746afd', '202', '2024-12-31T19:21:00.000Z', 'af27c99b-654c-59a0-b77c-06b841517065', '7b23a60f-71e0-5c67-b1bb-42746a9b0afd'), ('cb5eeef4-b071-5fc4-87d8-4dde435de6e8', '203', '2024-12-31T19:22:00.000Z', '15875833-c628-5ae5-bd16-44f96466e5bc', '7eb77b96-30b5-5501-83f6-52a058c4eaa5'), ('6606a703-eb7c-5d44-89dc-3926c8933a39', '204', '2024-12-31T19:23:00.000Z', '0da9fc58-2af3-5be7-be2f-4119d9384337', '1fd8a2b7-b326-5866-a398-5b16c618add3'), ('29289755-4aca-536e-9e94-6d33e945cc88', '205', '2024-12-31T19:24:00.000Z', '8d5b6a6c-0524-58b5-b921-d59b2483c2d2', '33d96ef3-0918-5895-ac7f-eee6ba691c26'), ('a7ac7e2c-396a-5d62-8259-2c94c6a8694d', '206', '2024-12-31T19:25:00.000Z', '15875833-c628-5ae5-bd16-44f96466e5bc', '672b9223-66b0-503e-8aa3-f696a18748b0'), ('055d6ee8-a960-5254-8e16-b5a7aeb2091f', '207', '2024-12-31T19:26:00.000Z', '0da9fc58-2af3-5be7-be2f-4119d9384337', '0a3da374-7764-5e96-8115-5ddeaf4d127c'), ('918ad5c6-7947-5b23-b159-3b62630b19cf', '208', '2024-12-31T19:27:00.000Z', '60ff3161-db4b-5c61-9c49-1e4f3d58316f', '140c8c52-9b64-5ee8-8eff-b561a612ab08'), ('6adf7d5d-2743-5c1b-8195-4ed2b98c77c9', '209', '2024-12-31T19:28:00.000Z', '143276b7-6f56-5bcb-a843-5d0c7d61d380', 'e84640bb-5cca-5e02-812d-9621e9d4755f'), ('14fe1a15-97ec-5121-967d-55bdb3e1bc8e', '210', '2024-12-31T19:29:00.000Z', '0da9fc58-2af3-5be7-be2f-4119d9384337', '7b087bc7-fa1b-553f-8cde-23ff80f26e99'), ('e4425815-f343-53fa-ba93-bd9dc4a5b51f', '211', '2024-12-31T19:30:00.000Z', 'af27c99b-654c-59a0-b77c-06b841517065', '8771db11-824d-535d-bfcf-929c63a0397d'), ('5c2b2628-c655-5aa9-8cc1-06f8a135132a', '212', '2024-12-31T19:31:00.000Z', '15875833-c628-5ae5-bd16-44f96466e5bc', 'e84640bb-5cca-5e02-812d-9621e9d4755f'), ('9a6cb392-bb5e-53c8-9b04-a422b3157ec8', '213', '2024-12-31T19:32:00.000Z', '0da9fc58-2af3-5be7-be2f-4119d9384337', '0720cb77-381c-5089-a6b8-4b0810753022'), ('62141657-1cc6-5a49-a45b-115f0391b020', '214', '2024-12-31T19:33:00.000Z', '15875833-c628-5ae5-bd16-44f96466e5bc', '76c7220c-a767-5db1-be79-8f2dd1925195'), ('3a72b06e-9ba3-5925-b4cc-c019241b788a', '215', '2024-12-31T19:34:00.000Z', '15875833-c628-5ae5-bd16-44f96466e5bc', '0a3da374-7764-5e96-8115-5ddeaf4d127c'), ('9470f2a5-0c07-5a15-9cef-b2ffb7ce2c25', '216', '2024-12-31T19:35:00.000Z', '8d5b6a6c-0524-58b5-b921-d59b2483c2d2', '7adb85de-2d2c-551c-a772-855a6a2be719'), ('b90f35cb-3ffc-55fb-828d-f4dff6a26d3b', '217', '2024-12-31T19:36:00.000Z', 'af27c99b-654c-59a0-b77c-06b841517065', '7dcc7ca3-0ce1-5771-81d3-7fbf39e5af02'), ('e2bffada-9bcc-55a6-90d7-f37d05985417', '218', '2024-12-31T19:37:00.000Z', '0da9fc58-2af3-5be7-be2f-4119d9384337', '5da57d31-4606-5447-8d2a-f0302d9d3201'), ('bd2d9036-1499-53ec-a60f-3ff70833b327', '219', '2024-12-31T19:38:00.000Z', '8d5b6a6c-0524-58b5-b921-d59b2483c2d2', '5d46abf7-b526-5ebb-ba28-2def89bd90e5'), ('d8febfbd-c344-51d1-bfd2-d1472e151653', '220', '2024-12-31T19:39:00.000Z', '143276b7-6f56-5bcb-a843-5d0c7d61d380', 'ac97e7cd-28a0-5761-bf65-c201c34643b2'), ('397dad7a-9012-56c6-8b7d-202fa3388e35', '221', '2024-12-31T19:40:00.000Z', 'af27c99b-654c-59a0-b77c-06b841517065', '76c7220c-a767-5db1-be79-8f2dd1925195'), ('a19608fd-740b-5fed-8e86-a5b625070823', '222', '2024-12-31T19:41:00.000Z', '0da9fc58-2af3-5be7-be2f-4119d9384337', '3ea9b5d8-bbbb-5289-b5b4-75da75a2c0a3'), ('fbc86bb3-a9d8-5418-8ce7-800f16abc9d6', '223', '2024-12-31T19:42:00.000Z', '0da9fc58-2af3-5be7-be2f-4119d9384337', '7eb77b96-30b5-5501-83f6-52a058c4eaa5'), ('464999e6-f5dd-5167-b2f2-30a1181d975e', '224', '2024-12-31T19:43:00.000Z', '143276b7-6f56-5bcb-a843-5d0c7d61d380', 'd4491a0c-2eb7-5ad0-b9cf-14c1513dee64'), ('456c4e7a-f0fc-5d59-bac9-1cc82841944c', '225', '2024-12-31T19:44:00.000Z', 'af27c99b-654c-59a0-b77c-06b841517065', 'a4c1703b-8c5d-57a4-bb64-6a27e277bea8'), ('70f09d93-4790-56b3-824f-adb810ca0995', '226', '2024-12-31T19:45:00.000Z', '15875833-c628-5ae5-bd16-44f96466e5bc', 'd1880f4d-4c25-5b1f-bcf5-8e5a4850e527'), ('9e11a83b-1823-54bb-946e-3fbf81cefaa6', '227', '2024-12-31T19:46:00.000Z', '8d5b6a6c-0524-58b5-b921-d59b2483c2d2', '0720cb77-381c-5089-a6b8-4b0810753022'), ('9ede0e26-146f-5d74-8c91-bd767e344afa', '228', '2024-12-31T19:47:00.000Z', '143276b7-6f56-5bcb-a843-5d0c7d61d380', '74201a50-dea8-5852-991d-b3a8d7b2ad3b'), ('16006b70-ca45-51a3-bbf2-eeea8b8973d1', '229', '2024-12-31T19:48:00.000Z', '143276b7-6f56-5bcb-a843-5d0c7d61d380', '6111433a-4dba-5de9-8465-4fa032fc7b8d'), ('74773955-b800-5f78-b05c-eb9d94bce680', '230', '2024-12-31T19:49:00.000Z', 'af27c99b-654c-59a0-b77c-06b841517065', 'b999ed7e-7f3c-5e24-89ba-6d7c3d928cff'), ('b943dabe-46ab-54dd-841d-01d8c18777e0', '231', '2024-12-31T19:50:00.000Z', '8d5b6a6c-0524-58b5-b921-d59b2483c2d2', '74201a50-dea8-5852-991d-b3a8d7b2ad3b'), ('8449f991-730b-5482-bd5d-92745fcdc6d3', '232', '2024-12-31T19:51:00.000Z', '60ff3161-db4b-5c61-9c49-1e4f3d58316f', '916524a4-aeb4-5d72-a478-222a666c7001'), ('19c1675f-9b1f-58be-997a-1693b56730f9', '233', '2024-12-31T19:52:00.000Z', '8d5b6a6c-0524-58b5-b921-d59b2483c2d2', 'b0f19a71-febc-507e-8a69-1531fc2ed4ab'), ('165813f3-9386-58b0-afdb-7129de99f8ba', '234', '2024-12-31T19:53:00.000Z', '0da9fc58-2af3-5be7-be2f-4119d9384337', '7df2292d-c09e-5476-a85d-4b4cb4f59293'), ('f119722c-4fde-59f5-93fe-72e96dd46f5d', '235', '2024-12-31T19:54:00.000Z', '0da9fc58-2af3-5be7-be2f-4119d9384337', 'a3ba97f5-6071-5a71-9d12-6497725b6810'), ('1f314bea-2bca-5e4b-ade8-ebfb3e948d64', '236', '2024-12-31T19:55:00.000Z', '0da9fc58-2af3-5be7-be2f-4119d9384337', 'a4eddced-18aa-549a-a80c-6269b992dc27'), ('62528705-f95d-57a5-9e12-bd9c8692f605', '237', '2024-12-31T19:56:00.000Z', '0da9fc58-2af3-5be7-be2f-4119d9384337', 'a5f6830e-56e9-52f3-917f-db3ef8e05bea'), ('81c56f96-40bb-5059-bd12-eb4ccf36c97f', '238', '2024-12-31T19:57:00.000Z', '0da9fc58-2af3-5be7-be2f-4119d9384337', 'e5460bba-fea4-52d2-b456-3cc02aa5ae82'), ('977edc47-3504-5d81-b849-077511b6d72e', '239', '2024-12-31T19:58:00.000Z', '8d5b6a6c-0524-58b5-b921-d59b2483c2d2', '1fd8a2b7-b326-5866-a398-5b16c618add3'), ('c1088ce7-5ced-5992-8a5e-da1329be6769', '240', '2024-12-31T19:59:00.000Z', '8d5b6a6c-0524-58b5-b921-d59b2483c2d2', 'da245287-0e93-5739-b777-66a7a37f6edd'), ('b56b4f03-1ba7-5568-9f03-c794b59a1cf6', '241', '2024-12-31T20:00:00.000Z', '143276b7-6f56-5bcb-a843-5d0c7d61d380', 'e62ae687-b3c4-5270-baa5-96039109c99d'), ('0277c15f-a915-5393-a493-3bd802b33d38', '242', '2024-12-31T20:01:00.000Z', '0da9fc58-2af3-5be7-be2f-4119d9384337', '5d46abf7-b526-5ebb-ba28-2def89bd90e5'), ('1a346d97-b859-5da9-b485-a0d067c0101b', '243', '2024-12-31T20:02:00.000Z', '8d5b6a6c-0524-58b5-b921-d59b2483c2d2', '2cbeb1c7-3553-51d7-879f-ed84e0d75b08'), ('ec8688b1-e35f-53cb-825b-a30f43eba343', '244', '2024-12-31T20:03:00.000Z', 'af27c99b-654c-59a0-b77c-06b841517065', '33d96ef3-0918-5895-ac7f-eee6ba691c26'), ('73f6e704-c81d-5cdc-a2ea-51e259922c62', '245', '2024-12-31T20:04:00.000Z', '0da9fc58-2af3-5be7-be2f-4119d9384337', 'e5460bba-fea4-52d2-b456-3cc02aa5ae82'), ('29a7cf23-c85f-5031-8219-51197f2bcf35', '246', '2024-12-31T20:05:00.000Z', '60ff3161-db4b-5c61-9c49-1e4f3d58316f', '975e7f40-d3bb-5db2-ae1b-885cb4ea60db'), ('7ba788a7-27a4-545e-a9ce-929d49273f7a', '247', '2024-12-31T20:06:00.000Z', '0da9fc58-2af3-5be7-be2f-4119d9384337', 'b0f19a71-febc-507e-8a69-1531fc2ed4ab'), ('89e23186-57f9-57fe-a56b-a1bb90d2611b', '248', '2024-12-31T20:07:00.000Z', '0da9fc58-2af3-5be7-be2f-4119d9384337', '5da57d31-4606-5447-8d2a-f0302d9d3201'), ('f1eb2dac-c07f-5b29-a8bb-2a316d29fb7f', '249', '2024-12-31T20:08:00.000Z', '0da9fc58-2af3-5be7-be2f-4119d9384337', '1fd8a2b7-b326-5866-a398-5b16c618add3'), ('1adaddea-61d6-50f6-a1da-7b6a890ead38', '250', '2024-12-31T20:09:00.000Z', '15875833-c628-5ae5-bd16-44f96466e5bc', 'c405dd31-8e8c-561d-b4f8-4da994c06d24'), ('4bb8139f-03c4-569d-a2fc-218048ac184f', '251', '2024-12-31T20:10:00.000Z', '15875833-c628-5ae5-bd16-44f96466e5bc', 'a4eddced-18aa-549a-a80c-6269b992dc27'), ('3b5afc97-4fd9-5f43-842f-11ffe16e6fa7', '252', '2024-12-31T20:11:00.000Z', '0da9fc58-2af3-5be7-be2f-4119d9384337', 'd1880f4d-4c25-5b1f-bcf5-8e5a4850e527'), ('6172efa2-f6b6-5575-87c1-af6824dfcd61', '253', '2024-12-31T20:12:00.000Z', '143276b7-6f56-5bcb-a843-5d0c7d61d380', 'a4eddced-18aa-549a-a80c-6269b992dc27'), ('70e4cd5c-c1af-57c6-94df-57b559e40d9b', '254', '2024-12-31T20:13:00.000Z', '60ff3161-db4b-5c61-9c49-1e4f3d58316f', 'a5f6830e-56e9-52f3-917f-db3ef8e05bea'), ('39984235-403b-537b-b558-6ebace8c4477', '255', '2024-12-31T20:14:00.000Z', '60ff3161-db4b-5c61-9c49-1e4f3d58316f', 'a3ba97f5-6071-5a71-9d12-6497725b6810'), ('43b2d9a6-f136-50f4-b428-8568adc64997', '256', '2024-12-31T20:15:00.000Z', 'af27c99b-654c-59a0-b77c-06b841517065', '74201a50-dea8-5852-991d-b3a8d7b2ad3b'), ('6e13e2bd-7cbe-5584-b051-a280c6232ace', '257', '2024-12-31T20:16:00.000Z', '143276b7-6f56-5bcb-a843-5d0c7d61d380', '6111433a-4dba-5de9-8465-4fa032fc7b8d'), ('adab5400-9200-5126-8ccc-e760f5c46f25', '258', '2024-12-31T20:17:00.000Z', '60ff3161-db4b-5c61-9c49-1e4f3d58316f', '8771db11-824d-535d-bfcf-929c63a0397d'), ('48601023-d7c8-5c27-8a69-1f1a246878bd', '259', '2024-12-31T20:18:00.000Z', '60ff3161-db4b-5c61-9c49-1e4f3d58316f', 'a5f6830e-56e9-52f3-917f-db3ef8e05bea'), ('85d71fe5-92c5-56a5-b6ae-96a6b0b21f0f', '260', '2024-12-31T20:19:00.000Z', 'af27c99b-654c-59a0-b77c-06b841517065', 'd1880f4d-4c25-5b1f-bcf5-8e5a4850e527'), ('98113f34-d388-55b4-b9ee-57f4fa4d4f2e', '261', '2024-12-31T20:20:00.000Z', '8d5b6a6c-0524-58b5-b921-d59b2483c2d2', '6cad8c02-19cd-5334-9976-1ae4ce5e3a9c'), ('f7142e9b-f36b-515f-89ed-355c83f47fc4', '262', '2024-12-31T20:21:00.000Z', '0da9fc58-2af3-5be7-be2f-4119d9384337', 'a5f6830e-56e9-52f3-917f-db3ef8e05bea'), ('dbb0ce4e-4afd-5de4-b1af-3a237ed0159c', '263', '2024-12-31T20:22:00.000Z', '15875833-c628-5ae5-bd16-44f96466e5bc', '68fe10b1-1b01-571e-8cbe-1e7520f2d8ec'), ('1130568d-89db-5fbf-90c1-f472914fee43', '264', '2024-12-31T20:23:00.000Z', '8d5b6a6c-0524-58b5-b921-d59b2483c2d2', 'a4eddced-18aa-549a-a80c-6269b992dc27'), ('32093bb2-e638-5d14-938f-f17c69973830', '265', '2024-12-31T20:24:00.000Z', '143276b7-6f56-5bcb-a843-5d0c7d61d380', 'c68d23ec-0b21-5fb8-838f-efd75518faa4'), ('1950f66c-bb73-555f-8327-fe231a49023c', '266', '2024-12-31T20:25:00.000Z', '15875833-c628-5ae5-bd16-44f96466e5bc', '5da57d31-4606-5447-8d2a-f0302d9d3201'), ('6bd311a4-dbd8-5af2-ac89-27a091025036', '267', '2024-12-31T20:26:00.000Z', '60ff3161-db4b-5c61-9c49-1e4f3d58316f', '869be320-0b01-5bef-b270-ef220f65c774'), ('e5a6999c-faf1-5e3a-9834-4e8e2feaca88', '268', '2024-12-31T20:27:00.000Z', '15875833-c628-5ae5-bd16-44f96466e5bc', '7eb77b96-30b5-5501-83f6-52a058c4eaa5'), ('933c77c9-0a7e-59eb-adf0-08e43d3488a8', '269', '2024-12-31T20:28:00.000Z', '0da9fc58-2af3-5be7-be2f-4119d9384337', 'fb4077b8-1cb8-5a71-8901-c412b29baeb7'), ('71676d8e-c295-5435-933e-45d960f52848', '270', '2024-12-31T20:29:00.000Z', '8d5b6a6c-0524-58b5-b921-d59b2483c2d2', '0a3da374-7764-5e96-8115-5ddeaf4d127c'), ('e1d7e504-bb82-52e6-a702-e87357042893', '271', '2024-12-31T20:30:00.000Z', '143276b7-6f56-5bcb-a843-5d0c7d61d380', '787b3647-0005-5759-851a-777409fa2d5a'), ('2618bb11-25a3-5275-8344-180d14e6719a', '272', '2024-12-31T20:31:00.000Z', '60ff3161-db4b-5c61-9c49-1e4f3d58316f', 'e5460bba-fea4-52d2-b456-3cc02aa5ae82'), ('dc6cc9c6-6403-54ab-9417-79a120b9bd67', '273', '2024-12-31T20:32:00.000Z', 'af27c99b-654c-59a0-b77c-06b841517065', 'f51b253e-46d8-5da3-8920-e3b6d0e07488'), ('0786de04-b415-5c72-8bd9-3d0b73efd9a8', '274', '2024-12-31T20:33:00.000Z', '15875833-c628-5ae5-bd16-44f96466e5bc', '7b23a60f-71e0-5c67-b1bb-42746a9b0afd'), ('35a79707-6617-5cd0-b860-d0d3343d907e', '275', '2024-12-31T20:34:00.000Z', '60ff3161-db4b-5c61-9c49-1e4f3d58316f', 'a3ba97f5-6071-5a71-9d12-6497725b6810'), ('c6065253-9a71-591f-b045-94d2e03c20b8', '276', '2024-12-31T20:35:00.000Z', '143276b7-6f56-5bcb-a843-5d0c7d61d380', 'd4491a0c-2eb7-5ad0-b9cf-14c1513dee64'), ('1d2de328-8de1-5acf-ba6a-fb86b95f437b', '277', '2024-12-31T20:36:00.000Z', '60ff3161-db4b-5c61-9c49-1e4f3d58316f', 'd4491a0c-2eb7-5ad0-b9cf-14c1513dee64'), ('94e9d366-56e6-5f48-97bf-bb278c511c92', '278', '2024-12-31T20:37:00.000Z', 'af27c99b-654c-59a0-b77c-06b841517065', 'fb4077b8-1cb8-5a71-8901-c412b29baeb7'), ('cde50e12-5fd9-52e4-b54e-840b90c4d01b', '279', '2024-12-31T20:38:00.000Z', '15875833-c628-5ae5-bd16-44f96466e5bc', '1fd8a2b7-b326-5866-a398-5b16c618add3'), ('d3821c01-3915-5642-8e2b-b25d41054c45', '280', '2024-12-31T20:39:00.000Z', '60ff3161-db4b-5c61-9c49-1e4f3d58316f', 'c74a57b0-bb53-5935-9b49-debde88b7cfa'), ('142d2272-22b9-55d0-ac91-8e873d0fc460', '281', '2024-12-31T20:40:00.000Z', '0da9fc58-2af3-5be7-be2f-4119d9384337', '04986fc6-c0a5-52d1-8ac8-3466b2e71af0'), ('ff7bd171-efb6-5b6a-b13d-607aa14c4ac7', '282', '2024-12-31T20:41:00.000Z', '60ff3161-db4b-5c61-9c49-1e4f3d58316f', '140c8c52-9b64-5ee8-8eff-b561a612ab08'), ('14803270-b30e-5a12-9041-c4239aac9c3d', '283', '2024-12-31T20:42:00.000Z', '0da9fc58-2af3-5be7-be2f-4119d9384337', '7b23a60f-71e0-5c67-b1bb-42746a9b0afd'), ('a38330ab-9aa3-56ef-bef8-f269eb9972c4', '284', '2024-12-31T20:43:00.000Z', '8d5b6a6c-0524-58b5-b921-d59b2483c2d2', 'da245287-0e93-5739-b777-66a7a37f6edd'), ('4a3a77e9-7cee-5058-8d03-f25ae26e2bea', '285', '2024-12-31T20:44:00.000Z', '15875833-c628-5ae5-bd16-44f96466e5bc', '36e584b4-74a9-57cd-9e95-7906bf7c3e68'), ('c95b5d46-fab7-5013-a785-909776a847b2', '286', '2024-12-31T20:45:00.000Z', '0da9fc58-2af3-5be7-be2f-4119d9384337', 'c68d23ec-0b21-5fb8-838f-efd75518faa4'), ('2f0f7b33-340b-5318-adda-83db9c76dd4e', '287', '2024-12-31T20:46:00.000Z', '8d5b6a6c-0524-58b5-b921-d59b2483c2d2', 'accea943-4df1-5dd1-b7af-393504cd5020'), ('a5137a92-ee06-51d5-9c0a-c0e1f3212dbb', '288', '2024-12-31T20:47:00.000Z', '60ff3161-db4b-5c61-9c49-1e4f3d58316f', '33d96ef3-0918-5895-ac7f-eee6ba691c26'), ('94ee4c87-a6c0-58ce-89b9-3ef60a0a556d', '289', '2024-12-31T20:48:00.000Z', '0da9fc58-2af3-5be7-be2f-4119d9384337', '7b23a60f-71e0-5c67-b1bb-42746a9b0afd'), ('1f8305c5-5afd-5de6-90ac-75c491180824', '290', '2024-12-31T20:49:00.000Z', '143276b7-6f56-5bcb-a843-5d0c7d61d380', '6111433a-4dba-5de9-8465-4fa032fc7b8d'), ('d12f751f-8115-589b-ac9b-969d442f381f', '291', '2024-12-31T20:50:00.000Z', '143276b7-6f56-5bcb-a843-5d0c7d61d380', '6176b7c0-c592-5d75-969f-84fb11799b76'), ('be09dd19-2d73-5fbb-a6bb-ff38fd54915b', '292', '2024-12-31T20:51:00.000Z', '143276b7-6f56-5bcb-a843-5d0c7d61d380', 'c74a57b0-bb53-5935-9b49-debde88b7cfa'), ('f6e71e1f-eff3-53ef-b25c-8c14cc6c6a0f', '293', '2024-12-31T20:52:00.000Z', '0da9fc58-2af3-5be7-be2f-4119d9384337', 'd601e9e6-682a-5f97-8f2c-35d3597051f2'), ('10773847-e216-5e7a-b3dd-62afc024017e', '294', '2024-12-31T20:53:00.000Z', '143276b7-6f56-5bcb-a843-5d0c7d61d380', '672b9223-66b0-503e-8aa3-f696a18748b0'), ('1861817b-2f92-5464-832e-32f31308fa56', '295', '2024-12-31T20:54:00.000Z', 'af27c99b-654c-59a0-b77c-06b841517065', '2979afb7-6c47-5127-9289-ae277578e655'), ('4f3326ab-4e8f-51a0-935c-ec914d0539f8', '296', '2024-12-31T20:55:00.000Z', '8d5b6a6c-0524-58b5-b921-d59b2483c2d2', '76c7220c-a767-5db1-be79-8f2dd1925195'), ('c8996411-1767-56b5-88d0-af094a436d21', '297', '2024-12-31T20:56:00.000Z', '60ff3161-db4b-5c61-9c49-1e4f3d58316f', 'd4491a0c-2eb7-5ad0-b9cf-14c1513dee64'), ('b767807d-a343-5303-b681-162c722821d9', '298', '2024-12-31T20:57:00.000Z', '0da9fc58-2af3-5be7-be2f-4119d9384337', 'e62ae687-b3c4-5270-baa5-96039109c99d'), ('0e60d6b5-1aca-5172-a51b-6c80a97e4873', '299', '2024-12-31T20:58:00.000Z', '8d5b6a6c-0524-58b5-b921-d59b2483c2d2', 'a4eddced-18aa-549a-a80c-6269b992dc27'), ('9cd7efe8-ee1d-5fb5-bd8d-e2b9d4a75ec3', '300', '2024-12-31T20:59:00.000Z', '143276b7-6f56-5bcb-a843-5d0c7d61d380', 'da245287-0e93-5739-b777-66a7a37f6edd'), ('c1d3f0c3-0d6c-5034-bc91-041ec5b5d6ff', '301', '2024-12-31T21:00:00.000Z', 'af27c99b-654c-59a0-b77c-06b841517065', 'd601e9e6-682a-5f97-8f2c-35d3597051f2'), ('53a55e9d-13a2-5a30-bf0a-7aa79cf1ef83', '302', '2024-12-31T21:01:00.000Z', '143276b7-6f56-5bcb-a843-5d0c7d61d380', '2cbeb1c7-3553-51d7-879f-ed84e0d75b08'), ('3b4fe6cd-999e-534c-8c40-cf0253dbc56f', '303', '2024-12-31T21:02:00.000Z', '15875833-c628-5ae5-bd16-44f96466e5bc', 'b0f19a71-febc-507e-8a69-1531fc2ed4ab'), ('435659b9-3262-5a88-abe1-e25358a34239', '304', '2024-12-31T21:03:00.000Z', 'af27c99b-654c-59a0-b77c-06b841517065', 'd4491a0c-2eb7-5ad0-b9cf-14c1513dee64'), ('35ce0734-91b5-5594-838d-10e82a2f3911', '305', '2024-12-31T21:04:00.000Z', '60ff3161-db4b-5c61-9c49-1e4f3d58316f', '33d96ef3-0918-5895-ac7f-eee6ba691c26'), ('3a510c1a-668e-56d4-bb90-a796343b2eb1', '306', '2024-12-31T21:05:00.000Z', '0da9fc58-2af3-5be7-be2f-4119d9384337', 'c74a57b0-bb53-5935-9b49-debde88b7cfa'), ('3930db13-ae2c-53e3-8532-8fc69b730fa1', '307', '2024-12-31T21:06:00.000Z', '0da9fc58-2af3-5be7-be2f-4119d9384337', 'd4491a0c-2eb7-5ad0-b9cf-14c1513dee64'), ('aca4fd4e-b096-5dc9-aa6e-ee4c2fd6cad7', '308', '2024-12-31T21:07:00.000Z', '8d5b6a6c-0524-58b5-b921-d59b2483c2d2', '7dcc7ca3-0ce1-5771-81d3-7fbf39e5af02'), ('24923921-3d10-5fc1-8b52-b464c2d2d192', '309', '2024-12-31T21:08:00.000Z', 'af27c99b-654c-59a0-b77c-06b841517065', 'c405dd31-8e8c-561d-b4f8-4da994c06d24'), ('83459d74-34de-50e7-a87c-d7f870d66bbd', '310', '2024-12-31T21:09:00.000Z', '143276b7-6f56-5bcb-a843-5d0c7d61d380', '2979afb7-6c47-5127-9289-ae277578e655'), ('23f5513b-0201-5027-93b4-5d886f187ae8', '311', '2024-12-31T21:10:00.000Z', '0da9fc58-2af3-5be7-be2f-4119d9384337', 'c74a57b0-bb53-5935-9b49-debde88b7cfa'), ('af1647b6-4bad-588f-8cc0-bcfe10265589', '312', '2024-12-31T21:11:00.000Z', 'af27c99b-654c-59a0-b77c-06b841517065', '04986fc6-c0a5-52d1-8ac8-3466b2e71af0'), ('47273624-1768-51da-ad85-365469282d65', '313', '2024-12-31T21:12:00.000Z', '60ff3161-db4b-5c61-9c49-1e4f3d58316f', '869be320-0b01-5bef-b270-ef220f65c774'), ('4a1a6c6b-0e57-5792-8528-77ab4145c119', '314', '2024-12-31T21:13:00.000Z', '15875833-c628-5ae5-bd16-44f96466e5bc', '7adb85de-2d2c-551c-a772-855a6a2be719'), ('90923478-af6e-5cc2-b186-8ff6f9b9cde2', '315', '2024-12-31T21:14:00.000Z', '8d5b6a6c-0524-58b5-b921-d59b2483c2d2', '6111433a-4dba-5de9-8465-4fa032fc7b8d'), ('1710c58c-b1f5-5bfd-950a-a14e6601cde7', '316', '2024-12-31T21:15:00.000Z', '60ff3161-db4b-5c61-9c49-1e4f3d58316f', '916524a4-aeb4-5d72-a478-222a666c7001'), ('d44a2207-ad1a-5d28-b10e-49f5ce122d80', '317', '2024-12-31T21:16:00.000Z', '143276b7-6f56-5bcb-a843-5d0c7d61d380', 'b999ed7e-7f3c-5e24-89ba-6d7c3d928cff'), ('3b52e4a8-32e2-505f-ba0e-98a8af54fc15', '318', '2024-12-31T21:17:00.000Z', '0da9fc58-2af3-5be7-be2f-4119d9384337', 'cb11b6df-d718-5de9-b50e-365978a2651f'), ('c5dfea62-f0d5-54b9-a52e-e7793e3e6197', '319', '2024-12-31T21:18:00.000Z', '15875833-c628-5ae5-bd16-44f96466e5bc', '2cbeb1c7-3553-51d7-879f-ed84e0d75b08'), ('bb0be183-0dc4-5852-8f4a-69a74204dcd5', '320', '2024-12-31T21:19:00.000Z', '8d5b6a6c-0524-58b5-b921-d59b2483c2d2', '7eb77b96-30b5-5501-83f6-52a058c4eaa5'), ('1652d406-baa5-5673-9c5e-63ff12ab8a76', '321', '2024-12-31T21:20:00.000Z', '8d5b6a6c-0524-58b5-b921-d59b2483c2d2', 'a5f6830e-56e9-52f3-917f-db3ef8e05bea'), ('f29c66a7-1a33-549f-8bd7-291c7f7684b6', '322', '2024-12-31T21:21:00.000Z', '143276b7-6f56-5bcb-a843-5d0c7d61d380', 'bd765ebc-d39e-5f4c-a2b4-f2bfec179dc6'), ('2eabcdf6-89dc-5cca-a6eb-b748503df5e9', '323', '2024-12-31T21:22:00.000Z', 'af27c99b-654c-59a0-b77c-06b841517065', 'da245287-0e93-5739-b777-66a7a37f6edd'), ('a954bf53-fdec-51ad-9cfe-a04352d6a95f', '324', '2024-12-31T21:23:00.000Z', 'af27c99b-654c-59a0-b77c-06b841517065', '5da57d31-4606-5447-8d2a-f0302d9d3201'), ('1cd846c1-e0b9-51de-a690-60b413d95bd9', '325', '2024-12-31T21:24:00.000Z', '143276b7-6f56-5bcb-a843-5d0c7d61d380', '6cad8c02-19cd-5334-9976-1ae4ce5e3a9c'), ('f1ccd86a-0a90-52fd-a792-d9e5db6f14e7', '326', '2024-12-31T21:25:00.000Z', '8d5b6a6c-0524-58b5-b921-d59b2483c2d2', '64c12e0c-6e81-56b6-8cbe-5e801fd0c9ae'), ('b1139df1-a687-56a8-b0a1-5ecacc39200d', '327', '2024-12-31T21:26:00.000Z', '143276b7-6f56-5bcb-a843-5d0c7d61d380', '0720cb77-381c-5089-a6b8-4b0810753022'), ('6898b21e-d475-5b93-96de-ac05547e8676', '328', '2024-12-31T21:27:00.000Z', 'af27c99b-654c-59a0-b77c-06b841517065', 'be0ad1ee-8ece-5328-b57d-eadb0f1f1b46'), ('321eb940-21f1-56a4-a199-01ea38a4eabc', '329', '2024-12-31T21:28:00.000Z', 'af27c99b-654c-59a0-b77c-06b841517065', '6cad8c02-19cd-5334-9976-1ae4ce5e3a9c'), ('463e15be-14c4-5c7e-bdc5-8cc5e234ebad', '330', '2024-12-31T21:29:00.000Z', '15875833-c628-5ae5-bd16-44f96466e5bc', 'cb11b6df-d718-5de9-b50e-365978a2651f'), ('8b88e514-c3ca-5159-8270-86af9e6f7bb4', '331', '2024-12-31T21:30:00.000Z', 'af27c99b-654c-59a0-b77c-06b841517065', '7df2292d-c09e-5476-a85d-4b4cb4f59293'), ('e7c1e8a0-7ace-59bd-ba8a-6e85d9b6c368', '332', '2024-12-31T21:31:00.000Z', '60ff3161-db4b-5c61-9c49-1e4f3d58316f', '140c8c52-9b64-5ee8-8eff-b561a612ab08'), ('6eb6dd9d-133f-5e30-b21f-ae253757721f', '333', '2024-12-31T21:32:00.000Z', '15875833-c628-5ae5-bd16-44f96466e5bc', 'da245287-0e93-5739-b777-66a7a37f6edd'), ('553f6624-ed39-5ba2-9be7-f022ed85c16e', '334', '2024-12-31T21:33:00.000Z', '8d5b6a6c-0524-58b5-b921-d59b2483c2d2', '04986fc6-c0a5-52d1-8ac8-3466b2e71af0'), ('9777e16c-fd4c-5d4a-9990-17695b7c6d8c', '335', '2024-12-31T21:34:00.000Z', '15875833-c628-5ae5-bd16-44f96466e5bc', 'c405dd31-8e8c-561d-b4f8-4da994c06d24'), ('7c3eff24-0002-59bd-b2e7-f9a2a5a0a570', '336', '2024-12-31T21:35:00.000Z', '60ff3161-db4b-5c61-9c49-1e4f3d58316f', '8771db11-824d-535d-bfcf-929c63a0397d'), ('4330ec51-5446-5eb0-8221-47d43a0b44aa', '337', '2024-12-31T21:36:00.000Z', '15875833-c628-5ae5-bd16-44f96466e5bc', 'c68d23ec-0b21-5fb8-838f-efd75518faa4'), ('f028f49a-a0df-570a-9cd4-ba6df9a3de39', '338', '2024-12-31T21:37:00.000Z', '0da9fc58-2af3-5be7-be2f-4119d9384337', '6176b7c0-c592-5d75-969f-84fb11799b76'), ('46e75144-1c99-5cdf-ba06-22fcecc48a1d', '339', '2024-12-31T21:38:00.000Z', '0da9fc58-2af3-5be7-be2f-4119d9384337', 'a4eddced-18aa-549a-a80c-6269b992dc27'), ('6cc56396-d5ed-5fd4-867c-0e8f673b4be5', '340', '2024-12-31T21:39:00.000Z', '60ff3161-db4b-5c61-9c49-1e4f3d58316f', '76c7220c-a767-5db1-be79-8f2dd1925195'), ('4e87f8e6-88dc-5908-b836-05b3020a8139', '341', '2024-12-31T21:40:00.000Z', '143276b7-6f56-5bcb-a843-5d0c7d61d380', '5da57d31-4606-5447-8d2a-f0302d9d3201'), ('2940c439-79f2-5adc-a786-77811c6de61c', '342', '2024-12-31T21:41:00.000Z', 'af27c99b-654c-59a0-b77c-06b841517065', 'e6562327-926a-5dd6-8949-19e61ded1e27'), ('db457880-3b9c-5308-b13b-ede67961878b', '343', '2024-12-31T21:42:00.000Z', '143276b7-6f56-5bcb-a843-5d0c7d61d380', '869be320-0b01-5bef-b270-ef220f65c774'), ('00974a98-bcb7-54ed-8b0e-de2a12be9967', '344', '2024-12-31T21:43:00.000Z', '60ff3161-db4b-5c61-9c49-1e4f3d58316f', 'e5460bba-fea4-52d2-b456-3cc02aa5ae82'), ('c7bb4066-f95e-5f1d-bf97-8cfffc7c39c5', '345', '2024-12-31T21:44:00.000Z', '143276b7-6f56-5bcb-a843-5d0c7d61d380', '77727ee0-032f-5a34-b46b-3d92c6e88bc6'), ('88466709-f3de-59e1-bc73-8a1043ac082d', '346', '2024-12-31T21:45:00.000Z', '15875833-c628-5ae5-bd16-44f96466e5bc', 'a4c1703b-8c5d-57a4-bb64-6a27e277bea8'), ('020932f0-3063-5dfc-8bee-bac51ab726dc', '347', '2024-12-31T21:46:00.000Z', '143276b7-6f56-5bcb-a843-5d0c7d61d380', '68fe10b1-1b01-571e-8cbe-1e7520f2d8ec'), ('9b2d046c-20e5-5b46-a17c-32aaca1b3e9a', '348', '2024-12-31T21:47:00.000Z', '15875833-c628-5ae5-bd16-44f96466e5bc', 'ac97e7cd-28a0-5761-bf65-c201c34643b2'), ('895341da-b8c7-5244-8fbd-ec4bb2995b6b', '349', '2024-12-31T21:48:00.000Z', '15875833-c628-5ae5-bd16-44f96466e5bc', 'c68d23ec-0b21-5fb8-838f-efd75518faa4'), ('7d975bb3-33b0-59d5-a1ec-cf521299744a', '350', '2024-12-31T21:49:00.000Z', '8d5b6a6c-0524-58b5-b921-d59b2483c2d2', '5da57d31-4606-5447-8d2a-f0302d9d3201'), ('804f0da1-ee5e-5126-af69-c0ecc3e0adb0', '351', '2024-12-31T21:50:00.000Z', '0da9fc58-2af3-5be7-be2f-4119d9384337', 'e84640bb-5cca-5e02-812d-9621e9d4755f'), ('46219c22-6b96-58ac-b780-c71722daaec5', '352', '2024-12-31T21:51:00.000Z', '143276b7-6f56-5bcb-a843-5d0c7d61d380', '916524a4-aeb4-5d72-a478-222a666c7001'), ('a9928b91-17f5-5b9c-81f3-b17bfc23da8f', '353', '2024-12-31T21:52:00.000Z', '0da9fc58-2af3-5be7-be2f-4119d9384337', '140c8c52-9b64-5ee8-8eff-b561a612ab08'), ('c5042d4e-d9de-5997-b807-7833176bf435', '354', '2024-12-31T21:53:00.000Z', '8d5b6a6c-0524-58b5-b921-d59b2483c2d2', '2979afb7-6c47-5127-9289-ae277578e655'), ('60f281d4-59f4-55cd-af70-eff3d42d25e7', '355', '2024-12-31T21:54:00.000Z', '60ff3161-db4b-5c61-9c49-1e4f3d58316f', '6cad8c02-19cd-5334-9976-1ae4ce5e3a9c'), ('ac17abc1-a71d-5a79-81f7-ea1dec6c9241', '356', '2024-12-31T21:55:00.000Z', '8d5b6a6c-0524-58b5-b921-d59b2483c2d2', 'b999ed7e-7f3c-5e24-89ba-6d7c3d928cff'), ('c119d9e7-b02f-577b-b673-3d4eeabb8f27', '357', '2024-12-31T21:56:00.000Z', '143276b7-6f56-5bcb-a843-5d0c7d61d380', 'cb11b6df-d718-5de9-b50e-365978a2651f'), ('b8c8ec83-a724-54e7-ad03-e30b18bee72b', '358', '2024-12-31T21:57:00.000Z', '60ff3161-db4b-5c61-9c49-1e4f3d58316f', '9eaeaf8a-5c06-5054-bd7a-8a9c44fc890f'), ('9a537f64-80e8-5e47-803b-1e01597d83b8', '359', '2024-12-31T21:58:00.000Z', '8d5b6a6c-0524-58b5-b921-d59b2483c2d2', '64c12e0c-6e81-56b6-8cbe-5e801fd0c9ae'), ('57375e9e-4d66-5fe6-9e2f-0f1d8aa7c93c', '360', '2024-12-31T21:59:00.000Z', '15875833-c628-5ae5-bd16-44f96466e5bc', '1fd8a2b7-b326-5866-a398-5b16c618add3'), ('bf95feab-1789-50df-a3d4-32cadf8b69e1', '361', '2024-12-31T22:00:00.000Z', '60ff3161-db4b-5c61-9c49-1e4f3d58316f', '8771db11-824d-535d-bfcf-929c63a0397d'), ('b785fa9f-f2de-5ec5-be8d-8efd0b7ef606', '362', '2024-12-31T22:01:00.000Z', '8d5b6a6c-0524-58b5-b921-d59b2483c2d2', 'a3ba97f5-6071-5a71-9d12-6497725b6810'), ('0cde1859-c194-5199-a02c-41e002de5d78', '363', '2024-12-31T22:02:00.000Z', '0da9fc58-2af3-5be7-be2f-4119d9384337', '68fe10b1-1b01-571e-8cbe-1e7520f2d8ec'), ('385e77d8-a2fc-54d2-92e3-ed9b66edd7ce', '364', '2024-12-31T22:03:00.000Z', 'af27c99b-654c-59a0-b77c-06b841517065', '1fd8a2b7-b326-5866-a398-5b16c618add3'), ('eab7d021-55d8-5cc1-930e-b40ba2f8bde7', '365', '2024-12-31T22:04:00.000Z', '60ff3161-db4b-5c61-9c49-1e4f3d58316f', '64c12e0c-6e81-56b6-8cbe-5e801fd0c9ae'), ('51f415b2-663c-5b04-be84-8dca91c13839', '366', '2024-12-31T22:05:00.000Z', 'af27c99b-654c-59a0-b77c-06b841517065', '6cad8c02-19cd-5334-9976-1ae4ce5e3a9c'), ('9c88a38e-e894-55e6-8321-d6a5460dcf4d', '367', '2024-12-31T22:06:00.000Z', '8d5b6a6c-0524-58b5-b921-d59b2483c2d2', '5d46abf7-b526-5ebb-ba28-2def89bd90e5'), ('cd519803-75d5-56c4-a1a1-3b7d17a90d44', '368', '2024-12-31T22:07:00.000Z', '143276b7-6f56-5bcb-a843-5d0c7d61d380', 'a4c1703b-8c5d-57a4-bb64-6a27e277bea8'), ('854c4ef5-0a59-51b1-9e5b-e8a154616d8e', '369', '2024-12-31T22:08:00.000Z', '8d5b6a6c-0524-58b5-b921-d59b2483c2d2', '7df2292d-c09e-5476-a85d-4b4cb4f59293'), ('a2617273-66ff-5199-9231-ad5577833c82', '370', '2024-12-31T22:09:00.000Z', '60ff3161-db4b-5c61-9c49-1e4f3d58316f', '6cad8c02-19cd-5334-9976-1ae4ce5e3a9c'), ('aacc72d9-46a6-5c4a-8c46-47b462f3fabd', '371', '2024-12-31T22:10:00.000Z', '143276b7-6f56-5bcb-a843-5d0c7d61d380', '5da57d31-4606-5447-8d2a-f0302d9d3201'), ('52a978cd-0f31-5b78-ab8c-d42a69974798', '372', '2024-12-31T22:11:00.000Z', '60ff3161-db4b-5c61-9c49-1e4f3d58316f', 'e5460bba-fea4-52d2-b456-3cc02aa5ae82'), ('16560578-2aa3-5de4-9f81-33e41389d991', '373', '2024-12-31T22:12:00.000Z', '15875833-c628-5ae5-bd16-44f96466e5bc', '74201a50-dea8-5852-991d-b3a8d7b2ad3b'), ('4d6227a7-4a57-53e4-8b76-3676058891b5', '374', '2024-12-31T22:13:00.000Z', '0da9fc58-2af3-5be7-be2f-4119d9384337', 'f51b253e-46d8-5da3-8920-e3b6d0e07488'), ('60394bfd-9153-5dd1-9570-765a40a50748', '375', '2024-12-31T22:14:00.000Z', '15875833-c628-5ae5-bd16-44f96466e5bc', 'b999ed7e-7f3c-5e24-89ba-6d7c3d928cff'), ('9f4372b5-bd00-5f67-b4e7-192dcb1b91d3', '376', '2024-12-31T22:15:00.000Z', '0da9fc58-2af3-5be7-be2f-4119d9384337', '7eb77b96-30b5-5501-83f6-52a058c4eaa5'), ('a0dde5f7-294d-5a9e-b0b5-67ff5baf5445', '377', '2024-12-31T22:16:00.000Z', '15875833-c628-5ae5-bd16-44f96466e5bc', '64c12e0c-6e81-56b6-8cbe-5e801fd0c9ae'), ('1b6d231a-cbb1-5f33-b373-e6859af2964b', '378', '2024-12-31T22:17:00.000Z', 'af27c99b-654c-59a0-b77c-06b841517065', '672b9223-66b0-503e-8aa3-f696a18748b0'), ('8ed1d1b2-4b63-5b2c-b93c-5765e47ee590', '379', '2024-12-31T22:18:00.000Z', '15875833-c628-5ae5-bd16-44f96466e5bc', 'c68d23ec-0b21-5fb8-838f-efd75518faa4'), ('d25ca6dc-5a5a-5e7a-bd20-e2b1d00c3985', '380', '2024-12-31T22:19:00.000Z', 'af27c99b-654c-59a0-b77c-06b841517065', '36e584b4-74a9-57cd-9e95-7906bf7c3e68'), ('6c92c9d7-ab07-5b69-a8b7-09128f6606c8', '381', '2024-12-31T22:20:00.000Z', '15875833-c628-5ae5-bd16-44f96466e5bc', '7eb77b96-30b5-5501-83f6-52a058c4eaa5'), ('34ae0525-14e5-5825-978a-f18249ad1f5a', '382', '2024-12-31T22:21:00.000Z', '8d5b6a6c-0524-58b5-b921-d59b2483c2d2', '3ea9b5d8-bbbb-5289-b5b4-75da75a2c0a3'), ('e0a00373-4f7d-5f05-8ab8-86d8fa0904ba', '383', '2024-12-31T22:22:00.000Z', '143276b7-6f56-5bcb-a843-5d0c7d61d380', 'bd765ebc-d39e-5f4c-a2b4-f2bfec179dc6'), ('8ccf8760-6279-5ca4-83ce-cb146ef25cd9', '384', '2024-12-31T22:23:00.000Z', '143276b7-6f56-5bcb-a843-5d0c7d61d380', '5da57d31-4606-5447-8d2a-f0302d9d3201'), ('6bdf79dc-071e-57a8-a539-4b6bb6b0572b', '385', '2024-12-31T22:24:00.000Z', '143276b7-6f56-5bcb-a843-5d0c7d61d380', 'be0ad1ee-8ece-5328-b57d-eadb0f1f1b46'), ('bf4c4fd8-d707-5e98-aa2c-d095b18ce251', '386', '2024-12-31T22:25:00.000Z', 'af27c99b-654c-59a0-b77c-06b841517065', '7b087bc7-fa1b-553f-8cde-23ff80f26e99'), ('3ac65e43-d463-5167-939c-2b254cb193d3', '387', '2024-12-31T22:26:00.000Z', '15875833-c628-5ae5-bd16-44f96466e5bc', 'd601e9e6-682a-5f97-8f2c-35d3597051f2'), ('7f8884b6-0813-533a-af5c-e9673615a3fd', '388', '2024-12-31T22:27:00.000Z', '60ff3161-db4b-5c61-9c49-1e4f3d58316f', '7adb85de-2d2c-551c-a772-855a6a2be719'), ('3c118f74-c436-5fa7-ac95-0762674e097d', '389', '2024-12-31T22:28:00.000Z', '8d5b6a6c-0524-58b5-b921-d59b2483c2d2', '140c8c52-9b64-5ee8-8eff-b561a612ab08'), ('35a85a71-604d-5db0-8ee0-087e56764d54', '390', '2024-12-31T22:29:00.000Z', '0da9fc58-2af3-5be7-be2f-4119d9384337', '672b9223-66b0-503e-8aa3-f696a18748b0'), ('88b1d2fd-c41e-5b65-83e7-489e37bbaf41', '391', '2024-12-31T22:30:00.000Z', 'af27c99b-654c-59a0-b77c-06b841517065', 'e62ae687-b3c4-5270-baa5-96039109c99d'), ('74a76af9-020a-5bfb-8293-ac9eb72a253f', '392', '2024-12-31T22:31:00.000Z', '8d5b6a6c-0524-58b5-b921-d59b2483c2d2', '916524a4-aeb4-5d72-a478-222a666c7001'), ('670f4929-c5f6-5864-ab10-26a9f2dc8cfa', '393', '2024-12-31T22:32:00.000Z', '15875833-c628-5ae5-bd16-44f96466e5bc', '140c8c52-9b64-5ee8-8eff-b561a612ab08'), ('e0f0bd3a-621b-5265-9f39-1fbd4508c58d', '394', '2024-12-31T22:33:00.000Z', '60ff3161-db4b-5c61-9c49-1e4f3d58316f', 'c68d23ec-0b21-5fb8-838f-efd75518faa4'), ('9185098d-528b-569c-8cf1-f7cca62ce502', '395', '2024-12-31T22:34:00.000Z', '143276b7-6f56-5bcb-a843-5d0c7d61d380', '6176b7c0-c592-5d75-969f-84fb11799b76'), ('f7ae41d8-d2c3-52d9-92f5-9b20cf306ac3', '396', '2024-12-31T22:35:00.000Z', '15875833-c628-5ae5-bd16-44f96466e5bc', 'd4491a0c-2eb7-5ad0-b9cf-14c1513dee64'), ('f55c71f7-41f4-536c-a70e-22a970731a97', '397', '2024-12-31T22:36:00.000Z', '8d5b6a6c-0524-58b5-b921-d59b2483c2d2', '6176b7c0-c592-5d75-969f-84fb11799b76'), ('9df4a624-7477-5ece-964a-cb90d2a5800f', '398', '2024-12-31T22:37:00.000Z', '15875833-c628-5ae5-bd16-44f96466e5bc', '1fd8a2b7-b326-5866-a398-5b16c618add3'), ('09196e74-f794-51b5-8ada-de05d0fe4b6a', '399', '2024-12-31T22:38:00.000Z', '0da9fc58-2af3-5be7-be2f-4119d9384337', 'b0f19a71-febc-507e-8a69-1531fc2ed4ab'), ('a9387bf8-03a6-5ca8-86c2-5f3affd281f3', '400', '2024-12-31T22:39:00.000Z', 'af27c99b-654c-59a0-b77c-06b841517065', '6176b7c0-c592-5d75-969f-84fb11799b76'), ('4f7616e8-f945-579b-ac2e-a428f1560ac4', '401', '2024-12-31T22:40:00.000Z', '60ff3161-db4b-5c61-9c49-1e4f3d58316f', '8771db11-824d-535d-bfcf-929c63a0397d'), ('64e0ba3a-cee9-59b5-b6cd-444072f71988', '402', '2024-12-31T22:41:00.000Z', 'af27c99b-654c-59a0-b77c-06b841517065', '2979afb7-6c47-5127-9289-ae277578e655'), ('7656ce75-de2a-5d8d-ad31-014a29e507c2', '403', '2024-12-31T22:42:00.000Z', 'af27c99b-654c-59a0-b77c-06b841517065', 'be0ad1ee-8ece-5328-b57d-eadb0f1f1b46'), ('f3c4d9d2-b31a-5493-aa22-10852c747f6d', '404', '2024-12-31T22:43:00.000Z', '143276b7-6f56-5bcb-a843-5d0c7d61d380', 'a3ba97f5-6071-5a71-9d12-6497725b6810'), ('0b0b3548-afd6-5867-98e8-483fca7dd56f', '405', '2024-12-31T22:44:00.000Z', '8d5b6a6c-0524-58b5-b921-d59b2483c2d2', '0720cb77-381c-5089-a6b8-4b0810753022'), ('441edcfa-0e12-5def-bc7e-466cf5f77aab', '406', '2024-12-31T22:45:00.000Z', '60ff3161-db4b-5c61-9c49-1e4f3d58316f', '04986fc6-c0a5-52d1-8ac8-3466b2e71af0'), ('fb55aeb3-f47c-5725-9a70-aa65086435b7', '407', '2024-12-31T22:46:00.000Z', '8d5b6a6c-0524-58b5-b921-d59b2483c2d2', 'a4eddced-18aa-549a-a80c-6269b992dc27'), ('42d8cbe0-386d-5df8-87a8-473b9ff63b7c', '408', '2024-12-31T22:47:00.000Z', 'af27c99b-654c-59a0-b77c-06b841517065', '7df2292d-c09e-5476-a85d-4b4cb4f59293'), ('b27fc838-9bca-57f4-8181-11cccf3d3b40', '409', '2024-12-31T22:48:00.000Z', '15875833-c628-5ae5-bd16-44f96466e5bc', '6111433a-4dba-5de9-8465-4fa032fc7b8d'), ('83cff73c-f669-5dae-8839-7f30b1c8b858', '410', '2024-12-31T22:49:00.000Z', '60ff3161-db4b-5c61-9c49-1e4f3d58316f', '0720cb77-381c-5089-a6b8-4b0810753022'), ('c08ef6f0-4192-5c81-abfc-2674de81725c', '411', '2024-12-31T22:50:00.000Z', '8d5b6a6c-0524-58b5-b921-d59b2483c2d2', 'be0ad1ee-8ece-5328-b57d-eadb0f1f1b46'), ('ecf0fcfb-44b1-5429-9a8e-68a07345a290', '412', '2024-12-31T22:51:00.000Z', '143276b7-6f56-5bcb-a843-5d0c7d61d380', '0a3da374-7764-5e96-8115-5ddeaf4d127c'), ('f1158ba2-3c64-5345-99df-67387123b28e', '413', '2024-12-31T22:52:00.000Z', '60ff3161-db4b-5c61-9c49-1e4f3d58316f', '2979afb7-6c47-5127-9289-ae277578e655'), ('8ed2c2a6-7aae-5d83-a2b3-35eea8467da3', '414', '2024-12-31T22:53:00.000Z', '8d5b6a6c-0524-58b5-b921-d59b2483c2d2', 'e62ae687-b3c4-5270-baa5-96039109c99d'), ('558f35a7-1a5b-504e-a05a-f336bff3c896', '415', '2024-12-31T22:54:00.000Z', '0da9fc58-2af3-5be7-be2f-4119d9384337', 'a5f6830e-56e9-52f3-917f-db3ef8e05bea'), ('757f7b2f-6095-5a0c-94df-941eeaae816c', '416', '2024-12-31T22:55:00.000Z', '8d5b6a6c-0524-58b5-b921-d59b2483c2d2', '2979afb7-6c47-5127-9289-ae277578e655'), ('9b3b92c6-bc9c-5981-9957-afda5452e212', '417', '2024-12-31T22:56:00.000Z', '0da9fc58-2af3-5be7-be2f-4119d9384337', '1fd8a2b7-b326-5866-a398-5b16c618add3'), ('79b6bb80-93ff-582f-a2c2-98ab9a6c73c2', '418', '2024-12-31T22:57:00.000Z', '60ff3161-db4b-5c61-9c49-1e4f3d58316f', 'ac97e7cd-28a0-5761-bf65-c201c34643b2'), ('38185831-9d00-5db9-8b46-c17f57493c8f', '419', '2024-12-31T22:58:00.000Z', '15875833-c628-5ae5-bd16-44f96466e5bc', '64c12e0c-6e81-56b6-8cbe-5e801fd0c9ae'), ('efb6ccc3-92fd-5188-be9f-e2d91f6e5292', '420', '2024-12-31T22:59:00.000Z', '0da9fc58-2af3-5be7-be2f-4119d9384337', '7adb85de-2d2c-551c-a772-855a6a2be719'), ('aa44eda7-9f3b-5dab-b4ac-deb74246307c', '421', '2024-12-31T23:00:00.000Z', '60ff3161-db4b-5c61-9c49-1e4f3d58316f', '1fd8a2b7-b326-5866-a398-5b16c618add3'), ('2965ab76-d66d-5b8a-bb99-be8aa7de3d70', '422', '2024-12-31T23:01:00.000Z', 'af27c99b-654c-59a0-b77c-06b841517065', '9eaeaf8a-5c06-5054-bd7a-8a9c44fc890f'), ('8ef9247d-c6e4-5a0b-8e4d-be0b05e2f001', '423', '2024-12-31T23:02:00.000Z', '60ff3161-db4b-5c61-9c49-1e4f3d58316f', '68fe10b1-1b01-571e-8cbe-1e7520f2d8ec'), ('fba45cc7-a5a0-50a7-8252-4b62a6f74f5d', '424', '2024-12-31T23:03:00.000Z', '60ff3161-db4b-5c61-9c49-1e4f3d58316f', 'c74a57b0-bb53-5935-9b49-debde88b7cfa'), ('3341556c-c9c8-5b55-8f4a-94456726cabc', '425', '2024-12-31T23:04:00.000Z', 'af27c99b-654c-59a0-b77c-06b841517065', '5da57d31-4606-5447-8d2a-f0302d9d3201'), ('ccf14a61-9de5-59ad-8620-09a44bbfa095', '426', '2024-12-31T23:05:00.000Z', '15875833-c628-5ae5-bd16-44f96466e5bc', '1f9bfce8-65ad-57ed-b694-b2bf46b3dded'), ('9e341055-f5fd-5767-ad50-592856f60a03', '427', '2024-12-31T23:06:00.000Z', '8d5b6a6c-0524-58b5-b921-d59b2483c2d2', 'accea943-4df1-5dd1-b7af-393504cd5020'), ('41120e05-9345-5ea3-a0bb-3548d90f7cba', '428', '2024-12-31T23:07:00.000Z', '60ff3161-db4b-5c61-9c49-1e4f3d58316f', 'cb11b6df-d718-5de9-b50e-365978a2651f'), ('63563f16-dc48-56bb-8217-fd0e54815395', '429', '2024-12-31T23:08:00.000Z', '60ff3161-db4b-5c61-9c49-1e4f3d58316f', '869be320-0b01-5bef-b270-ef220f65c774'), ('2ad557f8-4050-5aec-9d7c-60858743a0fc', '430', '2024-12-31T23:09:00.000Z', '143276b7-6f56-5bcb-a843-5d0c7d61d380', 'e84640bb-5cca-5e02-812d-9621e9d4755f'), ('1f39ddfe-b145-5ebd-b243-8f0ca2c48332', '431', '2024-12-31T23:10:00.000Z', '143276b7-6f56-5bcb-a843-5d0c7d61d380', 'd601e9e6-682a-5f97-8f2c-35d3597051f2'), ('99bf120f-e0be-518d-b90a-807f20943bbc', '432', '2024-12-31T23:11:00.000Z', '15875833-c628-5ae5-bd16-44f96466e5bc', 'd601e9e6-682a-5f97-8f2c-35d3597051f2'), ('850c59c6-8b0c-5750-b01a-e4457ccb012f', '433', '2024-12-31T23:12:00.000Z', '60ff3161-db4b-5c61-9c49-1e4f3d58316f', 'c74a57b0-bb53-5935-9b49-debde88b7cfa'), ('bbcf8e4b-cd8d-5380-a12c-6859d6bb5f9d', '434', '2024-12-31T23:13:00.000Z', '15875833-c628-5ae5-bd16-44f96466e5bc', '64c12e0c-6e81-56b6-8cbe-5e801fd0c9ae'), ('03285b6e-0b6d-5132-b434-9561dc10692b', '435', '2024-12-31T23:14:00.000Z', '60ff3161-db4b-5c61-9c49-1e4f3d58316f', '74201a50-dea8-5852-991d-b3a8d7b2ad3b'), ('15aa9c94-7333-587e-8896-3a7f5ad79745', '436', '2024-12-31T23:15:00.000Z', '8d5b6a6c-0524-58b5-b921-d59b2483c2d2', '7dcc7ca3-0ce1-5771-81d3-7fbf39e5af02'), ('0f80d7da-c246-5c76-b1df-e10b44b58c2f', '437', '2024-12-31T23:16:00.000Z', '60ff3161-db4b-5c61-9c49-1e4f3d58316f', '36e584b4-74a9-57cd-9e95-7906bf7c3e68'), ('91b9862d-b7b8-59c8-ad44-687845059e62', '438', '2024-12-31T23:17:00.000Z', 'af27c99b-654c-59a0-b77c-06b841517065', 'accea943-4df1-5dd1-b7af-393504cd5020'), ('418e8ac9-0fa9-55f9-95e2-6e0b4a85787a', '439', '2024-12-31T23:18:00.000Z', '143276b7-6f56-5bcb-a843-5d0c7d61d380', 'c74a57b0-bb53-5935-9b49-debde88b7cfa'), ('24e4a460-0dd6-50e2-80cc-1949c362a773', '440', '2024-12-31T23:19:00.000Z', '143276b7-6f56-5bcb-a843-5d0c7d61d380', '2cbeb1c7-3553-51d7-879f-ed84e0d75b08'), ('b8aba1d0-15f0-53e9-96de-2060c8fdcf6a', '441', '2024-12-31T23:20:00.000Z', '60ff3161-db4b-5c61-9c49-1e4f3d58316f', '33d96ef3-0918-5895-ac7f-eee6ba691c26'), ('e381eac5-4796-5785-be0b-f6c991103358', '442', '2024-12-31T23:21:00.000Z', 'af27c99b-654c-59a0-b77c-06b841517065', '7adb85de-2d2c-551c-a772-855a6a2be719'), ('2950d6af-5f0c-5118-ab20-3d5c7cd031ba', '443', '2024-12-31T23:22:00.000Z', '143276b7-6f56-5bcb-a843-5d0c7d61d380', 'e84640bb-5cca-5e02-812d-9621e9d4755f'), ('027548c5-e087-513c-8e0d-1697ce090831', '444', '2024-12-31T23:23:00.000Z', '15875833-c628-5ae5-bd16-44f96466e5bc', '8771db11-824d-535d-bfcf-929c63a0397d'), ('69481933-0570-59df-9c91-a777e81a438b', '445', '2024-12-31T23:24:00.000Z', '8d5b6a6c-0524-58b5-b921-d59b2483c2d2', 'd4491a0c-2eb7-5ad0-b9cf-14c1513dee64'), ('81ea067d-5986-5d03-b012-71c65686be6e', '446', '2024-12-31T23:25:00.000Z', '60ff3161-db4b-5c61-9c49-1e4f3d58316f', '672b9223-66b0-503e-8aa3-f696a18748b0'), ('a8bf5fc2-1374-5831-a83a-b82996173977', '447', '2024-12-31T23:26:00.000Z', '143276b7-6f56-5bcb-a843-5d0c7d61d380', '64c12e0c-6e81-56b6-8cbe-5e801fd0c9ae'), ('6ba13d50-9d2a-5a47-b0db-98cc1d465e32', '448', '2024-12-31T23:27:00.000Z', '143276b7-6f56-5bcb-a843-5d0c7d61d380', '140c8c52-9b64-5ee8-8eff-b561a612ab08'), ('726a771f-71bb-5e09-8a68-e0c97e5deee4', '449', '2024-12-31T23:28:00.000Z', '143276b7-6f56-5bcb-a843-5d0c7d61d380', '2cbeb1c7-3553-51d7-879f-ed84e0d75b08'), ('38f81a0d-a99e-5dfa-8a4a-af0c4d00ac67', '450', '2024-12-31T23:29:00.000Z', '60ff3161-db4b-5c61-9c49-1e4f3d58316f', '76c7220c-a767-5db1-be79-8f2dd1925195'), ('970acda1-6e39-5367-bc9c-7d0afcde9fde', '451', '2024-12-31T23:30:00.000Z', '15875833-c628-5ae5-bd16-44f96466e5bc', 'bd765ebc-d39e-5f4c-a2b4-f2bfec179dc6'), ('3a8726d9-e160-5f69-8717-b831f19cbe67', '452', '2024-12-31T23:31:00.000Z', '60ff3161-db4b-5c61-9c49-1e4f3d58316f', '1fd8a2b7-b326-5866-a398-5b16c618add3'), ('f67c30cf-c28b-5cba-a9dd-efee6cd7aa77', '453', '2024-12-31T23:32:00.000Z', '143276b7-6f56-5bcb-a843-5d0c7d61d380', '7dcc7ca3-0ce1-5771-81d3-7fbf39e5af02'), ('2cab9ecd-6a54-507e-92e6-9036808d4cf8', '454', '2024-12-31T23:33:00.000Z', '143276b7-6f56-5bcb-a843-5d0c7d61d380', 'a3ba97f5-6071-5a71-9d12-6497725b6810'), ('b47b752a-e90a-5bad-9ffd-de60458b3c4b', '455', '2024-12-31T23:34:00.000Z', '60ff3161-db4b-5c61-9c49-1e4f3d58316f', 'e6562327-926a-5dd6-8949-19e61ded1e27'), ('66673f5d-5f14-5d37-8e30-7ef0629de595', '456', '2024-12-31T23:35:00.000Z', '8d5b6a6c-0524-58b5-b921-d59b2483c2d2', '36e584b4-74a9-57cd-9e95-7906bf7c3e68'), ('854e84ed-3935-52be-823d-22399d915366', '457', '2024-12-31T23:36:00.000Z', 'af27c99b-654c-59a0-b77c-06b841517065', '33d96ef3-0918-5895-ac7f-eee6ba691c26'), ('09b02c0e-5c53-5219-920d-37f8602ba249', '458', '2024-12-31T23:37:00.000Z', 'af27c99b-654c-59a0-b77c-06b841517065', '9eaeaf8a-5c06-5054-bd7a-8a9c44fc890f'), ('39fc8684-3b7e-5a35-b7f9-28e1c78dafb2', '459', '2024-12-31T23:38:00.000Z', '60ff3161-db4b-5c61-9c49-1e4f3d58316f', 'c68d23ec-0b21-5fb8-838f-efd75518faa4'), ('7f0a7abe-b2cc-59f8-8e5d-d798c8d5d8e5', '460', '2024-12-31T23:39:00.000Z', '15875833-c628-5ae5-bd16-44f96466e5bc', 'c405dd31-8e8c-561d-b4f8-4da994c06d24'), ('9490954a-a00d-5591-bf47-811ce28cc850', '461', '2024-12-31T23:40:00.000Z', '8d5b6a6c-0524-58b5-b921-d59b2483c2d2', '0a3da374-7764-5e96-8115-5ddeaf4d127c'), ('5a727ff9-40b1-5ea2-99c8-d2cd6984a8fd', '462', '2024-12-31T23:41:00.000Z', '60ff3161-db4b-5c61-9c49-1e4f3d58316f', '68fe10b1-1b01-571e-8cbe-1e7520f2d8ec'), ('71255092-d7de-5dca-b752-79b9915f5f99', '463', '2024-12-31T23:42:00.000Z', '15875833-c628-5ae5-bd16-44f96466e5bc', 'c74a57b0-bb53-5935-9b49-debde88b7cfa'), ('3c3c7b7c-7a4f-554b-affd-c48486d69461', '464', '2024-12-31T23:43:00.000Z', '143276b7-6f56-5bcb-a843-5d0c7d61d380', '2979afb7-6c47-5127-9289-ae277578e655'), ('a559ab8a-d80f-5ad1-9f3e-28e1649c3fa0', '465', '2024-12-31T23:44:00.000Z', '60ff3161-db4b-5c61-9c49-1e4f3d58316f', '672b9223-66b0-503e-8aa3-f696a18748b0'), ('cc5623b9-e293-5983-ad27-bf801eaebe55', '466', '2024-12-31T23:45:00.000Z', '8d5b6a6c-0524-58b5-b921-d59b2483c2d2', 'd601e9e6-682a-5f97-8f2c-35d3597051f2'), ('5bdf8a56-853f-559e-a778-847f5754cff2', '467', '2024-12-31T23:46:00.000Z', 'af27c99b-654c-59a0-b77c-06b841517065', '74201a50-dea8-5852-991d-b3a8d7b2ad3b'), ('6c4fd0b5-de09-5bd2-a154-03cecc37c591', '468', '2024-12-31T23:47:00.000Z', '143276b7-6f56-5bcb-a843-5d0c7d61d380', 'a4c1703b-8c5d-57a4-bb64-6a27e277bea8'), ('14c1af9a-a98f-5798-8ffa-3723db327376', '469', '2024-12-31T23:48:00.000Z', '15875833-c628-5ae5-bd16-44f96466e5bc', 'd601e9e6-682a-5f97-8f2c-35d3597051f2'), ('2aebfda8-2e7d-5771-9b9e-c3f4b4aaf7fa', '470', '2024-12-31T23:49:00.000Z', 'af27c99b-654c-59a0-b77c-06b841517065', 'c74a57b0-bb53-5935-9b49-debde88b7cfa'), ('abbb5dd8-50ea-5e2c-9191-b1e05108329c', '471', '2024-12-31T23:50:00.000Z', '15875833-c628-5ae5-bd16-44f96466e5bc', 'e62ae687-b3c4-5270-baa5-96039109c99d'), ('7ade1950-82af-5b15-ad13-84eb73e990fc', '472', '2024-12-31T23:51:00.000Z', '15875833-c628-5ae5-bd16-44f96466e5bc', 'a4c1703b-8c5d-57a4-bb64-6a27e277bea8'), ('bc4f1fa0-d263-5e53-b615-053c99de2397', '473', '2024-12-31T23:52:00.000Z', '15875833-c628-5ae5-bd16-44f96466e5bc', '140c8c52-9b64-5ee8-8eff-b561a612ab08'), ('215a555b-f05a-5b74-9a57-bd8004a4ecef', '474', '2024-12-31T23:53:00.000Z', '143276b7-6f56-5bcb-a843-5d0c7d61d380', '74201a50-dea8-5852-991d-b3a8d7b2ad3b'), ('3058f5cf-36b1-5cd8-8b1a-dcbac94bc200', '475', '2024-12-31T23:54:00.000Z', '143276b7-6f56-5bcb-a843-5d0c7d61d380', 'b999ed7e-7f3c-5e24-89ba-6d7c3d928cff'), ('3e4bfce8-2762-5e66-8068-f97e73fa863d', '476', '2024-12-31T23:55:00.000Z', '60ff3161-db4b-5c61-9c49-1e4f3d58316f', 'a4c1703b-8c5d-57a4-bb64-6a27e277bea8'), ('bf87b6ae-1cfd-5e86-b499-1f2a3c2a668b', '477', '2024-12-31T23:56:00.000Z', '0da9fc58-2af3-5be7-be2f-4119d9384337', '2cbeb1c7-3553-51d7-879f-ed84e0d75b08'), ('6f96a5ae-d6f6-52a4-a9ae-3f69f96b9098', '478', '2024-12-31T23:57:00.000Z', '143276b7-6f56-5bcb-a843-5d0c7d61d380', 'cb11b6df-d718-5de9-b50e-365978a2651f'), ('7579a90e-6320-59c8-baf9-b007ec50a26c', '479', '2024-12-31T23:58:00.000Z', '15875833-c628-5ae5-bd16-44f96466e5bc', 'a5f6830e-56e9-52f3-917f-db3ef8e05bea'), ('3ba7d2cd-96ac-560a-8ff1-d0b6dcffc580', '480', '2024-12-31T23:59:00.000Z', '143276b7-6f56-5bcb-a843-5d0c7d61d380', 'f51b253e-46d8-5da3-8920-e3b6d0e07488'), ('119c73b9-767f-5d23-9b3d-583390f7ade9', '481', '2025-01-01T00:00:00.000Z', '0da9fc58-2af3-5be7-be2f-4119d9384337', '0720cb77-381c-5089-a6b8-4b0810753022'), ('3b2f1d40-d097-53cf-85b7-a3433167cf05', '482', '2025-01-01T00:01:00.000Z', '60ff3161-db4b-5c61-9c49-1e4f3d58316f', '0720cb77-381c-5089-a6b8-4b0810753022'), ('f4c26e41-6dd1-59db-abb1-7d855e768b16', '483', '2025-01-01T00:02:00.000Z', 'af27c99b-654c-59a0-b77c-06b841517065', '33d96ef3-0918-5895-ac7f-eee6ba691c26'), ('fdd53937-c57b-51ea-a34b-5eaa7c284b6d', '484', '2025-01-01T00:03:00.000Z', '0da9fc58-2af3-5be7-be2f-4119d9384337', 'accea943-4df1-5dd1-b7af-393504cd5020'), ('10856fa6-7357-5a72-923c-2f34cc90c2f1', '485', '2025-01-01T00:04:00.000Z', '60ff3161-db4b-5c61-9c49-1e4f3d58316f', 'fb4077b8-1cb8-5a71-8901-c412b29baeb7'), ('5f5a146a-d0d2-5e88-8f03-d0a6dddca077', '486', '2025-01-01T00:05:00.000Z', '15875833-c628-5ae5-bd16-44f96466e5bc', '140c8c52-9b64-5ee8-8eff-b561a612ab08'), ('24cb1822-6c33-519c-88fc-aece10d0a561', '487', '2025-01-01T00:06:00.000Z', '143276b7-6f56-5bcb-a843-5d0c7d61d380', '76c7220c-a767-5db1-be79-8f2dd1925195'), ('777bd821-0ab3-55d4-bd6c-5792358706dc', '488', '2025-01-01T00:07:00.000Z', '15875833-c628-5ae5-bd16-44f96466e5bc', 'b999ed7e-7f3c-5e24-89ba-6d7c3d928cff'), ('07cdade6-c1c2-59bc-b11d-ae1bfcbf2dc4', '489', '2025-01-01T00:08:00.000Z', '15875833-c628-5ae5-bd16-44f96466e5bc', '5d46abf7-b526-5ebb-ba28-2def89bd90e5'), ('1aabfd17-01b4-576e-abe7-71a0275d4f7d', '490', '2025-01-01T00:09:00.000Z', '0da9fc58-2af3-5be7-be2f-4119d9384337', 'e84640bb-5cca-5e02-812d-9621e9d4755f'), ('f973748e-0791-54e5-8765-fc40629b4b13', '491', '2025-01-01T00:10:00.000Z', '15875833-c628-5ae5-bd16-44f96466e5bc', '7dcc7ca3-0ce1-5771-81d3-7fbf39e5af02'), ('afa541b9-4eef-51ac-adab-d45bc2722108', '492', '2025-01-01T00:11:00.000Z', 'af27c99b-654c-59a0-b77c-06b841517065', 'c405dd31-8e8c-561d-b4f8-4da994c06d24'), ('31eb65f7-ed2e-5b91-b489-f7523fe1abe0', '493', '2025-01-01T00:12:00.000Z', '143276b7-6f56-5bcb-a843-5d0c7d61d380', 'b999ed7e-7f3c-5e24-89ba-6d7c3d928cff'), ('3bf94b64-7c27-5846-a4f1-a3c2225d466b', '494', '2025-01-01T00:13:00.000Z', '143276b7-6f56-5bcb-a843-5d0c7d61d380', 'b0f19a71-febc-507e-8a69-1531fc2ed4ab'), ('1eec96b5-8649-590d-963e-209b7549a176', '495', '2025-01-01T00:14:00.000Z', '60ff3161-db4b-5c61-9c49-1e4f3d58316f', 'bd765ebc-d39e-5f4c-a2b4-f2bfec179dc6'), ('9389ece3-0c1b-50e3-a720-47c9f29ba6ec', '496', '2025-01-01T00:15:00.000Z', '0da9fc58-2af3-5be7-be2f-4119d9384337', 'ac97e7cd-28a0-5761-bf65-c201c34643b2'), ('a270f41f-c1e1-5f2b-a5ad-4ea5fe7fb9b4', '497', '2025-01-01T00:16:00.000Z', '60ff3161-db4b-5c61-9c49-1e4f3d58316f', '7adb85de-2d2c-551c-a772-855a6a2be719'), ('81c40b37-a2fd-566b-ac21-1a77ba23360b', '498', '2025-01-01T00:17:00.000Z', 'af27c99b-654c-59a0-b77c-06b841517065', '0720cb77-381c-5089-a6b8-4b0810753022'), ('47943128-a3ae-5092-8f59-98943cf9fc62', '499', '2025-01-01T00:18:00.000Z', '143276b7-6f56-5bcb-a843-5d0c7d61d380', '975e7f40-d3bb-5db2-ae1b-885cb4ea60db'), ('94d35c2a-3fa5-5289-8841-76888b982023', '500', '2025-01-01T00:19:00.000Z', '8d5b6a6c-0524-58b5-b921-d59b2483c2d2', '3ea9b5d8-bbbb-5289-b5b4-75da75a2c0a3'), ('2b609cbf-66fd-5682-afa3-e5214012c43a', '501', '2025-01-01T00:20:00.000Z', '8d5b6a6c-0524-58b5-b921-d59b2483c2d2', 'c405dd31-8e8c-561d-b4f8-4da994c06d24'), ('b4955849-618c-56cf-827c-502b47d89996', '502', '2025-01-01T00:21:00.000Z', 'af27c99b-654c-59a0-b77c-06b841517065', '9eaeaf8a-5c06-5054-bd7a-8a9c44fc890f'), ('54988a1c-0234-52f4-b511-2788a651f42d', '503', '2025-01-01T00:22:00.000Z', '8d5b6a6c-0524-58b5-b921-d59b2483c2d2', 'd601e9e6-682a-5f97-8f2c-35d3597051f2'), ('ed0f3042-8ec1-5704-87ba-43826f0fac71', '504', '2025-01-01T00:23:00.000Z', '0da9fc58-2af3-5be7-be2f-4119d9384337', '6176b7c0-c592-5d75-969f-84fb11799b76'), ('f84fbfce-9ff5-5119-9fad-b0bb614c6ce7', '505', '2025-01-01T00:24:00.000Z', '143276b7-6f56-5bcb-a843-5d0c7d61d380', '0a3da374-7764-5e96-8115-5ddeaf4d127c'), ('7ad035cf-9f74-5d2f-82c5-3d02ffacbb97', '506', '2025-01-01T00:25:00.000Z', '0da9fc58-2af3-5be7-be2f-4119d9384337', 'e62ae687-b3c4-5270-baa5-96039109c99d'), ('4332e79c-8cbd-538e-b001-7dfc683ac928', '507', '2025-01-01T00:26:00.000Z', '0da9fc58-2af3-5be7-be2f-4119d9384337', 'a4eddced-18aa-549a-a80c-6269b992dc27'), ('8d94eb75-c977-59b3-8716-5e6221ba6e38', '508', '2025-01-01T00:27:00.000Z', '60ff3161-db4b-5c61-9c49-1e4f3d58316f', 'f51b253e-46d8-5da3-8920-e3b6d0e07488'), ('1487b8ba-3c7e-5901-a3fd-ebd48453f3bb', '509', '2025-01-01T00:28:00.000Z', '15875833-c628-5ae5-bd16-44f96466e5bc', '33d96ef3-0918-5895-ac7f-eee6ba691c26'), ('7100fcf1-50de-5626-8f8e-cbdbbd406704', '510', '2025-01-01T00:29:00.000Z', '60ff3161-db4b-5c61-9c49-1e4f3d58316f', '0a3da374-7764-5e96-8115-5ddeaf4d127c'), ('2faa838b-c474-5ba7-8720-85798ac38395', '511', '2025-01-01T00:30:00.000Z', '8d5b6a6c-0524-58b5-b921-d59b2483c2d2', 'bd765ebc-d39e-5f4c-a2b4-f2bfec179dc6'), ('8b81d7ac-b61f-5362-9c53-bd1db1150262', '512', '2025-01-01T00:31:00.000Z', '0da9fc58-2af3-5be7-be2f-4119d9384337', '68fe10b1-1b01-571e-8cbe-1e7520f2d8ec'), ('ef15b717-a192-5043-abc8-7b709baf5899', '513', '2025-01-01T00:32:00.000Z', '8d5b6a6c-0524-58b5-b921-d59b2483c2d2', '64c12e0c-6e81-56b6-8cbe-5e801fd0c9ae'), ('4d73eec4-82cd-5322-9c23-ea431d013564', '514', '2025-01-01T00:33:00.000Z', 'af27c99b-654c-59a0-b77c-06b841517065', '64c12e0c-6e81-56b6-8cbe-5e801fd0c9ae'), ('891be8f0-22ab-52d2-ba29-f281749fb105', '515', '2025-01-01T00:34:00.000Z', 'af27c99b-654c-59a0-b77c-06b841517065', '8771db11-824d-535d-bfcf-929c63a0397d'), ('3dbcbae5-3670-5422-b839-875a9042f778', '516', '2025-01-01T00:35:00.000Z', '15875833-c628-5ae5-bd16-44f96466e5bc', '3ea9b5d8-bbbb-5289-b5b4-75da75a2c0a3'), ('f2951fe9-f5b3-54f3-b5ec-ae89e6fbed7b', '517', '2025-01-01T00:36:00.000Z', '60ff3161-db4b-5c61-9c49-1e4f3d58316f', '5da57d31-4606-5447-8d2a-f0302d9d3201'), ('18179b64-ef0e-531b-8970-fc0198e896b6', '518', '2025-01-01T00:37:00.000Z', '8d5b6a6c-0524-58b5-b921-d59b2483c2d2', '36e584b4-74a9-57cd-9e95-7906bf7c3e68'), ('1e3f811c-5bc2-56d3-92bb-2e2f04315bb3', '519', '2025-01-01T00:38:00.000Z', '15875833-c628-5ae5-bd16-44f96466e5bc', '672b9223-66b0-503e-8aa3-f696a18748b0'), ('a588ccf2-c518-5898-8859-9e356b60fe39', '520', '2025-01-01T00:39:00.000Z', 'af27c99b-654c-59a0-b77c-06b841517065', '0720cb77-381c-5089-a6b8-4b0810753022'), ('66d2ab29-b63a-520a-8d72-0c1bbbdeb84c', '521', '2025-01-01T00:40:00.000Z', '60ff3161-db4b-5c61-9c49-1e4f3d58316f', '787b3647-0005-5759-851a-777409fa2d5a'), ('321097e8-7ead-5097-98be-c58d4efe3e8d', '522', '2025-01-01T00:41:00.000Z', '60ff3161-db4b-5c61-9c49-1e4f3d58316f', 'da245287-0e93-5739-b777-66a7a37f6edd'), ('3903e2c7-690b-53c5-baea-7dd5d1cb1713', '523', '2025-01-01T00:42:00.000Z', '60ff3161-db4b-5c61-9c49-1e4f3d58316f', 'fb4077b8-1cb8-5a71-8901-c412b29baeb7'), ('57a94aa8-4823-56a4-8003-1edbd859523e', '524', '2025-01-01T00:43:00.000Z', '60ff3161-db4b-5c61-9c49-1e4f3d58316f', 'd601e9e6-682a-5f97-8f2c-35d3597051f2'), ('0c916dc9-8cbd-5754-adfa-7b381b2bd37a', '525', '2025-01-01T00:44:00.000Z', 'af27c99b-654c-59a0-b77c-06b841517065', 'e62ae687-b3c4-5270-baa5-96039109c99d'), ('88a7487f-9c7e-5863-80a9-2db12e5c76e1', '526', '2025-01-01T00:45:00.000Z', 'af27c99b-654c-59a0-b77c-06b841517065', '7b23a60f-71e0-5c67-b1bb-42746a9b0afd'), ('fc382f34-b225-5305-8669-a079ddc56bb2', '527', '2025-01-01T00:46:00.000Z', 'af27c99b-654c-59a0-b77c-06b841517065', '68fe10b1-1b01-571e-8cbe-1e7520f2d8ec'), ('efc89ec3-ff11-5e06-8b85-2a1ecd6239f0', '528', '2025-01-01T00:47:00.000Z', '60ff3161-db4b-5c61-9c49-1e4f3d58316f', '2979afb7-6c47-5127-9289-ae277578e655'), ('150106f3-5fcf-5086-bd16-20b44fdb1f27', '529', '2025-01-01T00:48:00.000Z', '143276b7-6f56-5bcb-a843-5d0c7d61d380', '787b3647-0005-5759-851a-777409fa2d5a'), ('4efc8a81-941d-54b5-ac66-b65f951c5a48', '530', '2025-01-01T00:49:00.000Z', '60ff3161-db4b-5c61-9c49-1e4f3d58316f', 'a4c1703b-8c5d-57a4-bb64-6a27e277bea8'), ('e7a408cf-5712-52ed-81d8-6398699f001a', '531', '2025-01-01T00:50:00.000Z', 'af27c99b-654c-59a0-b77c-06b841517065', '7dcc7ca3-0ce1-5771-81d3-7fbf39e5af02'), ('c4db28dd-0d97-55b4-9bba-7d0fd2fec1de', '532', '2025-01-01T00:51:00.000Z', '15875833-c628-5ae5-bd16-44f96466e5bc', '0a1eb974-786d-53d0-b3ca-62d94ffc86ea'), ('e1e80c0b-4769-5002-b4d7-29d388b89628', '533', '2025-01-01T00:52:00.000Z', '60ff3161-db4b-5c61-9c49-1e4f3d58316f', '7adb85de-2d2c-551c-a772-855a6a2be719'), ('7e9957bb-0f3b-5487-a08b-0378644e7e5e', '534', '2025-01-01T00:53:00.000Z', '8d5b6a6c-0524-58b5-b921-d59b2483c2d2', 'a4eddced-18aa-549a-a80c-6269b992dc27'), ('420dbb04-5ae8-53d4-99d6-4c02eef366d5', '535', '2025-01-01T00:54:00.000Z', '143276b7-6f56-5bcb-a843-5d0c7d61d380', '36e584b4-74a9-57cd-9e95-7906bf7c3e68'), ('db5e23fc-383c-5039-be9d-1635257722c9', '536', '2025-01-01T00:55:00.000Z', '60ff3161-db4b-5c61-9c49-1e4f3d58316f', '8771db11-824d-535d-bfcf-929c63a0397d'), ('71492d04-7522-569c-afa3-02ee63083c17', '537', '2025-01-01T00:56:00.000Z', '143276b7-6f56-5bcb-a843-5d0c7d61d380', '916524a4-aeb4-5d72-a478-222a666c7001'), ('dbed69f6-2c5c-541d-86c1-15424c4580f5', '538', '2025-01-01T00:57:00.000Z', '0da9fc58-2af3-5be7-be2f-4119d9384337', '6176b7c0-c592-5d75-969f-84fb11799b76'), ('00c73a0a-e256-57ae-bcc4-1960a55395e9', '539', '2025-01-01T00:58:00.000Z', '15875833-c628-5ae5-bd16-44f96466e5bc', 'd4491a0c-2eb7-5ad0-b9cf-14c1513dee64'), ('bdc58786-6a4e-554c-bdb5-79849bcac44d', '540', '2025-01-01T00:59:00.000Z', '60ff3161-db4b-5c61-9c49-1e4f3d58316f', '916524a4-aeb4-5d72-a478-222a666c7001'), ('e5d6e0d6-1c4f-50c2-b28e-4ae01c6b65be', '541', '2025-01-01T01:00:00.000Z', 'af27c99b-654c-59a0-b77c-06b841517065', '869be320-0b01-5bef-b270-ef220f65c774'), ('af5eb8f2-42b8-5e15-aa65-fcfdde273c87', '542', '2025-01-01T01:01:00.000Z', '60ff3161-db4b-5c61-9c49-1e4f3d58316f', 'da245287-0e93-5739-b777-66a7a37f6edd'), ('0d19e568-0abc-50f7-bdd6-6a0c1e1cd598', '543', '2025-01-01T01:02:00.000Z', '15875833-c628-5ae5-bd16-44f96466e5bc', 'c405dd31-8e8c-561d-b4f8-4da994c06d24'), ('d5876f86-4e59-5f09-8e79-28761b4cc151', '544', '2025-01-01T01:03:00.000Z', 'af27c99b-654c-59a0-b77c-06b841517065', 'da245287-0e93-5739-b777-66a7a37f6edd'), ('f68c75fe-955f-5127-bffd-e0a6f4c56bf2', '545', '2025-01-01T01:04:00.000Z', '143276b7-6f56-5bcb-a843-5d0c7d61d380', '869be320-0b01-5bef-b270-ef220f65c774'), ('bd44fc55-916c-5a1b-86d5-dfbab4534c54', '546', '2025-01-01T01:05:00.000Z', 'af27c99b-654c-59a0-b77c-06b841517065', 'f51b253e-46d8-5da3-8920-e3b6d0e07488'), ('de8d3f2a-9d65-5b4e-9772-d116c853d298', '547', '2025-01-01T01:06:00.000Z', '0da9fc58-2af3-5be7-be2f-4119d9384337', '33d96ef3-0918-5895-ac7f-eee6ba691c26'), ('440d878a-df4a-5997-9878-ac6b7fc4bbba', '548', '2025-01-01T01:07:00.000Z', '8d5b6a6c-0524-58b5-b921-d59b2483c2d2', '672b9223-66b0-503e-8aa3-f696a18748b0'), ('b89d2d3c-c2e5-522d-8e1f-2e5fb963ec28', '549', '2025-01-01T01:08:00.000Z', '15875833-c628-5ae5-bd16-44f96466e5bc', 'accea943-4df1-5dd1-b7af-393504cd5020'), ('eab6fcb2-e1e2-544a-8595-336d8911fea1', '550', '2025-01-01T01:09:00.000Z', '143276b7-6f56-5bcb-a843-5d0c7d61d380', 'a4c1703b-8c5d-57a4-bb64-6a27e277bea8'), ('df47c389-6e08-57c3-8941-bdfb9b7fa72a', '551', '2025-01-01T01:10:00.000Z', '0da9fc58-2af3-5be7-be2f-4119d9384337', 'fb4077b8-1cb8-5a71-8901-c412b29baeb7'), ('e522420b-0bfe-5316-9026-5d7d8dbbdc2d', '552', '2025-01-01T01:11:00.000Z', '143276b7-6f56-5bcb-a843-5d0c7d61d380', '76c7220c-a767-5db1-be79-8f2dd1925195'), ('b561a719-d96a-5809-acb0-75573ec34ab3', '553', '2025-01-01T01:12:00.000Z', '143276b7-6f56-5bcb-a843-5d0c7d61d380', 'd1880f4d-4c25-5b1f-bcf5-8e5a4850e527'), ('760d46b3-2f9a-513a-924b-7fdf359e3510', '554', '2025-01-01T01:13:00.000Z', 'af27c99b-654c-59a0-b77c-06b841517065', '0a1eb974-786d-53d0-b3ca-62d94ffc86ea'), ('a99393c9-b537-59aa-8beb-0a96482c5a22', '555', '2025-01-01T01:14:00.000Z', '8d5b6a6c-0524-58b5-b921-d59b2483c2d2', 'ac97e7cd-28a0-5761-bf65-c201c34643b2'), ('06cfe244-597b-5e8f-9252-3771d1a14618', '556', '2025-01-01T01:15:00.000Z', '0da9fc58-2af3-5be7-be2f-4119d9384337', 'b0f19a71-febc-507e-8a69-1531fc2ed4ab'), ('239a5e99-72e7-5bf7-b96d-7b2513b58286', '557', '2025-01-01T01:16:00.000Z', '143276b7-6f56-5bcb-a843-5d0c7d61d380', '1f9bfce8-65ad-57ed-b694-b2bf46b3dded'), ('42183dc1-d938-5942-a6ee-e0f0e4a86075', '558', '2025-01-01T01:17:00.000Z', '143276b7-6f56-5bcb-a843-5d0c7d61d380', 'd601e9e6-682a-5f97-8f2c-35d3597051f2'), ('3642d9db-6353-500b-a875-b142d0c25838', '559', '2025-01-01T01:18:00.000Z', '15875833-c628-5ae5-bd16-44f96466e5bc', 'a4eddced-18aa-549a-a80c-6269b992dc27'), ('174d7b6e-ebe1-5f8b-b8a7-dfcae66f1172', '560', '2025-01-01T01:19:00.000Z', '143276b7-6f56-5bcb-a843-5d0c7d61d380', 'accea943-4df1-5dd1-b7af-393504cd5020'), ('bd261648-7fac-5d31-aa0f-7639d3e4eb89', '561', '2025-01-01T01:20:00.000Z', '8d5b6a6c-0524-58b5-b921-d59b2483c2d2', 'c405dd31-8e8c-561d-b4f8-4da994c06d24'), ('221df6b6-5073-58e1-9202-3215fc41469c', '562', '2025-01-01T01:21:00.000Z', '143276b7-6f56-5bcb-a843-5d0c7d61d380', '672b9223-66b0-503e-8aa3-f696a18748b0'), ('af6f89f7-5502-5996-a27b-63d10458bbaa', '563', '2025-01-01T01:22:00.000Z', '0da9fc58-2af3-5be7-be2f-4119d9384337', '6111433a-4dba-5de9-8465-4fa032fc7b8d'), ('65581e07-7af3-5903-ae76-d40bfca20be8', '564', '2025-01-01T01:23:00.000Z', '15875833-c628-5ae5-bd16-44f96466e5bc', 'b999ed7e-7f3c-5e24-89ba-6d7c3d928cff'), ('5f7d6685-b9fe-5a2f-93fb-abf2e57d07fc', '565', '2025-01-01T01:24:00.000Z', 'af27c99b-654c-59a0-b77c-06b841517065', 'cb11b6df-d718-5de9-b50e-365978a2651f'), ('3f2b8539-4716-50b1-842a-b91f9f7e0f16', '566', '2025-01-01T01:25:00.000Z', 'af27c99b-654c-59a0-b77c-06b841517065', '76c7220c-a767-5db1-be79-8f2dd1925195'), ('cc0a6391-8d6f-58f7-993a-45912fb5c0a2', '567', '2025-01-01T01:26:00.000Z', '0da9fc58-2af3-5be7-be2f-4119d9384337', 'd4491a0c-2eb7-5ad0-b9cf-14c1513dee64'), ('e4a81dcf-8e42-558f-a5f1-247f96ba8fa5', '568', '2025-01-01T01:27:00.000Z', '143276b7-6f56-5bcb-a843-5d0c7d61d380', 'd601e9e6-682a-5f97-8f2c-35d3597051f2'), ('3ea39cb5-968a-5c79-af91-c2f8d2d44cf3', '569', '2025-01-01T01:28:00.000Z', 'af27c99b-654c-59a0-b77c-06b841517065', '2cbeb1c7-3553-51d7-879f-ed84e0d75b08'), ('e7beba26-419e-5f25-9895-43c38c2be8af', '570', '2025-01-01T01:29:00.000Z', '8d5b6a6c-0524-58b5-b921-d59b2483c2d2', '869be320-0b01-5bef-b270-ef220f65c774'), ('ff63faba-2f38-56ba-9b75-eb48b2aeb906', '571', '2025-01-01T01:30:00.000Z', '0da9fc58-2af3-5be7-be2f-4119d9384337', '6111433a-4dba-5de9-8465-4fa032fc7b8d'), ('969ac480-d4ec-5f13-8b8f-dd110917295a', '572', '2025-01-01T01:31:00.000Z', '0da9fc58-2af3-5be7-be2f-4119d9384337', 'ac97e7cd-28a0-5761-bf65-c201c34643b2'), ('21b656a1-7867-5548-a102-45ced63938e6', '573', '2025-01-01T01:32:00.000Z', '8d5b6a6c-0524-58b5-b921-d59b2483c2d2', '7eb77b96-30b5-5501-83f6-52a058c4eaa5'), ('99199363-0014-5214-a5d4-5557ae3115d4', '574', '2025-01-01T01:33:00.000Z', '8d5b6a6c-0524-58b5-b921-d59b2483c2d2', 'a3ba97f5-6071-5a71-9d12-6497725b6810'), ('0ac0e866-b75f-5eb4-b967-98f4185cbe0b', '575', '2025-01-01T01:34:00.000Z', 'af27c99b-654c-59a0-b77c-06b841517065', 'a4c1703b-8c5d-57a4-bb64-6a27e277bea8'), ('fc114eeb-6d80-5bfc-afd3-340f0a8194ce', '576', '2025-01-01T01:35:00.000Z', '143276b7-6f56-5bcb-a843-5d0c7d61d380', 'da245287-0e93-5739-b777-66a7a37f6edd'), ('d04fc815-914c-53ab-900a-6b5371d0dbd3', '577', '2025-01-01T01:36:00.000Z', '143276b7-6f56-5bcb-a843-5d0c7d61d380', 'fb4077b8-1cb8-5a71-8901-c412b29baeb7'), ('a973704f-afae-519b-b91e-bb18f99feef0', '578', '2025-01-01T01:37:00.000Z', 'af27c99b-654c-59a0-b77c-06b841517065', 'bd765ebc-d39e-5f4c-a2b4-f2bfec179dc6'), ('21bdca34-0b62-590d-b701-75ca5aee4c9c', '579', '2025-01-01T01:38:00.000Z', '143276b7-6f56-5bcb-a843-5d0c7d61d380', 'e6562327-926a-5dd6-8949-19e61ded1e27'), ('4a38a248-9c3c-5a93-a74a-6e5290951e93', '580', '2025-01-01T01:39:00.000Z', '143276b7-6f56-5bcb-a843-5d0c7d61d380', '916524a4-aeb4-5d72-a478-222a666c7001'), ('623dc499-9b2b-5f9e-ab76-351823a561ff', '581', '2025-01-01T01:40:00.000Z', '15875833-c628-5ae5-bd16-44f96466e5bc', 'fb4077b8-1cb8-5a71-8901-c412b29baeb7'), ('ef1fc488-c6b7-5e01-964e-b43a6f199ed9', '582', '2025-01-01T01:41:00.000Z', '15875833-c628-5ae5-bd16-44f96466e5bc', '68fe10b1-1b01-571e-8cbe-1e7520f2d8ec'), ('23b11c49-b130-55d3-b4c3-c7e7d9910455', '583', '2025-01-01T01:42:00.000Z', '143276b7-6f56-5bcb-a843-5d0c7d61d380', '74201a50-dea8-5852-991d-b3a8d7b2ad3b'), ('e2347d3c-8954-5b18-902b-2e67395cabe0', '584', '2025-01-01T01:43:00.000Z', '0da9fc58-2af3-5be7-be2f-4119d9384337', 'a5f6830e-56e9-52f3-917f-db3ef8e05bea'), ('3a86d734-796c-51b5-915b-ef7b3e541adf', '585', '2025-01-01T01:44:00.000Z', '15875833-c628-5ae5-bd16-44f96466e5bc', 'b77b38ec-a041-5b1e-a49a-56a63bc933aa'), ('d102cdcc-7ce5-57d7-a2e5-3ff78b0b391b', '586', '2025-01-01T01:45:00.000Z', '143276b7-6f56-5bcb-a843-5d0c7d61d380', '5d46abf7-b526-5ebb-ba28-2def89bd90e5'), ('012d7343-7958-5b4e-a4ff-f10c3514ff1d', '587', '2025-01-01T01:46:00.000Z', '0da9fc58-2af3-5be7-be2f-4119d9384337', 'e62ae687-b3c4-5270-baa5-96039109c99d'), ('89f9410b-bc36-519f-aaa4-9823bceb1e9b', '588', '2025-01-01T01:47:00.000Z', '8d5b6a6c-0524-58b5-b921-d59b2483c2d2', '975e7f40-d3bb-5db2-ae1b-885cb4ea60db'), ('6eee1d73-7eb8-51ab-a5f5-570146ae402a', '589', '2025-01-01T01:48:00.000Z', '60ff3161-db4b-5c61-9c49-1e4f3d58316f', 'b999ed7e-7f3c-5e24-89ba-6d7c3d928cff'), ('afb3cb9f-f674-56a3-9267-f79db9151107', '590', '2025-01-01T01:49:00.000Z', '15875833-c628-5ae5-bd16-44f96466e5bc', 'b77b38ec-a041-5b1e-a49a-56a63bc933aa'), ('4d6deb53-e415-5e5c-b6e1-593bfa298c27', '591', '2025-01-01T01:50:00.000Z', '15875833-c628-5ae5-bd16-44f96466e5bc', '7b23a60f-71e0-5c67-b1bb-42746a9b0afd'), ('cd6141ca-8a8e-58d2-afc5-a6281e3e2450', '592', '2025-01-01T01:51:00.000Z', '0da9fc58-2af3-5be7-be2f-4119d9384337', '77727ee0-032f-5a34-b46b-3d92c6e88bc6'), ('0db794be-15d7-5a1d-a6e9-f10acbdafbdf', '593', '2025-01-01T01:52:00.000Z', 'af27c99b-654c-59a0-b77c-06b841517065', '77727ee0-032f-5a34-b46b-3d92c6e88bc6'), ('200cf74a-56ae-5186-8da5-f1af331ee6c9', '594', '2025-01-01T01:53:00.000Z', '143276b7-6f56-5bcb-a843-5d0c7d61d380', '916524a4-aeb4-5d72-a478-222a666c7001'), ('76f7f391-51fd-5a7a-8e38-97911cbba0c5', '595', '2025-01-01T01:54:00.000Z', '143276b7-6f56-5bcb-a843-5d0c7d61d380', 'b77b38ec-a041-5b1e-a49a-56a63bc933aa'), ('c8031261-8eaa-51d9-9e20-60b040536400', '596', '2025-01-01T01:55:00.000Z', '15875833-c628-5ae5-bd16-44f96466e5bc', 'a4c1703b-8c5d-57a4-bb64-6a27e277bea8'), ('ac1eefa0-e452-5d9a-ae18-c618ac191e34', '597', '2025-01-01T01:56:00.000Z', '143276b7-6f56-5bcb-a843-5d0c7d61d380', 'a4c1703b-8c5d-57a4-bb64-6a27e277bea8'), ('bf67a3c5-3b31-5ca8-b3f3-4b3576bb18fa', '598', '2025-01-01T01:57:00.000Z', '0da9fc58-2af3-5be7-be2f-4119d9384337', 'cb11b6df-d718-5de9-b50e-365978a2651f'), ('17d66956-8b1a-501c-a3e8-81d864b3beb3', '599', '2025-01-01T01:58:00.000Z', '8d5b6a6c-0524-58b5-b921-d59b2483c2d2', '672b9223-66b0-503e-8aa3-f696a18748b0'), ('a7d0e71a-f258-515f-860a-60e8ef1e1afa', '600', '2025-01-01T01:59:00.000Z', '60ff3161-db4b-5c61-9c49-1e4f3d58316f', '140c8c52-9b64-5ee8-8eff-b561a612ab08');
